user_id,old_user_id
0,14807
1,21778
2,13937
3,14320
4,17150
5,12386
6,63745
7,39887
8,13676
9,14098
10,23911
11,42410
12,22628
13,1215
14,33517
15,5439
16,94693
17,21275
18,29628
19,9887
20,38331
21,57148
22,35738
23,110343
24,1167
25,22485
26,33002
27,23146
28,21626
29,13559
30,2890
31,33595
32,17880
33,36526
34,4457
35,3550
36,9864
37,25357
38,1874
39,30508
40,55205
41,3895
42,36007
43,25724
44,1808
45,65582
46,8314
47,55457
48,3582
49,34394
50,22934
51,2178
52,1310
53,24107
54,4703
55,10478
56,53438
57,31004
58,8179
59,46788
60,69217
61,3037
62,33769
63,68631
64,31310
65,13880
66,45731
67,47809
68,13484
69,84871
70,12334
71,10270
72,8073
73,35601
74,15080
75,13887
76,21160
77,43358
78,52317
79,10741
80,52732
81,57471
82,33786
83,43982
84,58887
85,32019
86,20961
87,2635
88,29829
89,61916
90,35843
91,19326
92,21101
93,15530
94,10022
95,61728
96,17760
97,10621
98,4605
99,31598
100,84884
101,59719
102,4136
103,5478
104,58431
105,6176
106,19994
107,3969
108,45071
109,4767
110,798
111,14329
112,36398
113,29153
114,35519
115,7968
116,40370
117,46591
118,710
119,3018
120,50716
121,26390
122,88333
123,26494
124,33062
125,62830
126,37669
127,2685
128,24988
129,37665
130,60352
131,51849
132,48856
133,17822
134,15837
135,7837
136,7361
137,4142
138,107883
139,17339
140,23094
141,31270
142,107907
143,50793
144,20670
145,4372
146,34116
147,8203
148,6385
149,31271
150,15987
151,35994
152,21528
153,9077
154,52233
155,28239
156,15157
157,7449
158,82661
159,9010
160,12074
161,51959
162,28007
163,2983
164,15133
165,45610
166,925
167,9306
168,17605
169,13063
170,19596
171,7878
172,67782
173,75731
174,45278
175,5747
176,35293
177,10580
178,10494
179,73910
180,39231
181,62124
182,4096
183,16519
184,33878
185,6106
186,1679
187,679
188,59517
189,25030
190,23985
191,2896
192,23395
193,4965
194,27755
195,22440
196,24719
197,77663
198,64571
199,32936
200,39470
201,27380
202,26308
203,13787
204,57880
205,7316
206,64466
207,34178
208,90724
209,34363
210,12667
211,16876
212,10055
213,36554
214,54045
215,9215
216,14073
217,33418
218,2094
219,20986
220,771
221,52498
222,47210
223,29365
224,78630
225,51927
226,17299
227,19610
228,16115
229,39127
230,12389
231,72149
232,29876
233,24195
234,74659
235,24294
236,101156
237,70307
238,45211
239,19712
240,12628
241,28300
242,8431
243,14829
244,3331
245,69329
246,3285
247,16803
248,16635
249,15862
250,15922
251,20837
252,74721
253,25132
254,4254
255,760
256,42278
257,16889
258,30844
259,12678
260,32854
261,113155
262,3420
263,36772
264,61747
265,52534
266,13584
267,5086
268,49639
269,4477
270,61207
271,10636
272,5527
273,52540
274,3683
275,18907
276,60803
277,28423
278,71658
279,30832
280,23569
281,10221
282,17401
283,50884
284,55090
285,56131
286,70644
287,18554
288,15402
289,9260
290,75431
291,24236
292,29773
293,687
294,27180
295,13655
296,27283
297,45754
298,17076
299,15903
300,6907
301,11580
302,16689
303,12136
304,36339
305,6466
306,11972
307,48823
308,20563
309,18204
310,6111
311,54463
312,14411
313,83
314,34080
315,10372
316,59625
317,41853
318,3765
319,155
320,861
321,6022
322,65026
323,31880
324,7503
325,3873
326,2114
327,3249
328,72840
329,1324
330,3813
331,8545
332,66
333,66861
334,11481
335,17558
336,19140
337,6085
338,59175
339,81548
340,9979
341,22944
342,4557
343,104549
344,41392
345,14256
346,67901
347,34255
348,75823
349,98125
350,53014
351,30518
352,16658
353,16143
354,7237
355,36937
356,39251
357,15480
358,25601
359,22043
360,22632
361,62425
362,11697
363,30661
364,27274
365,46496
366,71350
367,28499
368,5281
369,6623
370,24014
371,45988
372,60383
373,71141
374,15596
375,30360
376,49162
377,46876
378,25129
379,12156
380,291
381,33235
382,38702
383,56870
384,11363
385,22754
386,13009
387,104335
388,43763
389,9577
390,1741
391,3751
392,6246
393,57106
394,953
395,44616
396,28830
397,1573
398,47755
399,19407
400,118940
401,49662
402,1361
403,29844
404,16283
405,8303
406,9763
407,37576
408,7186
409,47996
410,5379
411,20992
412,26154
413,13869
414,47132
415,19659
416,261
417,16882
418,2913
419,74125
420,949
421,117641
422,34812
423,37888
424,14597
425,50257
426,2473
427,31749
428,26062
429,42688
430,9158
431,17424
432,19814
433,24674
434,64036
435,103905
436,5471
437,15158
438,15013
439,22103
440,20872
441,56168
442,13592
443,1043
444,35024
445,10190
446,3974
447,23043
448,174
449,53095
450,19768
451,7906
452,36340
453,57881
454,29652
455,22285
456,14979
457,15587
458,11644
459,929
460,3786
461,3842
462,13630
463,12438
464,62382
465,12294
466,11983
467,55687
468,18859
469,12380
470,80013
471,22152
472,22192
473,7335
474,67948
475,65696
476,91418
477,114261
478,3982
479,38592
480,5589
481,67528
482,9391
483,26487
484,98139
485,88934
486,25736
487,107693
488,7116
489,18573
490,2855
491,79822
492,33352
493,21765
494,75520
495,29604
496,1244
497,100826
498,72203
499,8559
500,16579
501,8141
502,30418
503,38607
504,63199
505,17546
506,66183
507,33760
508,2546
509,81848
510,55242
511,13532
512,2298
513,1605
514,12629
515,41535
516,17459
517,18972
518,30251
519,6964
520,48042
521,1303
522,62995
523,42174
524,27949
525,48011
526,23729
527,10996
528,20110
529,3827
530,324
531,61307
532,49085
533,41143
534,38156
535,35182
536,81534
537,23388
538,57203
539,19153
540,37408
541,9547
542,17717
543,15494
544,16077
545,39734
546,42842
547,42814
548,47257
549,11575
550,18902
551,29672
552,5761
553,53890
554,9157
555,95986
556,16305
557,33698
558,54631
559,470
560,41638
561,25428
562,12309
563,65934
564,591
565,18039
566,28923
567,75842
568,16370
569,49132
570,84677
571,29921
572,57355
573,57296
574,17624
575,13507
576,22390
577,20954
578,29240
579,1524
580,11315
581,73628
582,96008
583,4213
584,20666
585,44079
586,14686
587,51137
588,22332
589,14918
590,6871
591,3028
592,26931
593,6429
594,8452
595,49323
596,10558
597,50488
598,7513
599,109905
600,20426
601,34725
602,39473
603,4290
604,18143
605,42167
606,5554
607,24651
608,268
609,74737
610,49331
611,21647
612,11615
613,66304
614,34953
615,6076
616,52636
617,19325
618,26394
619,33378
620,1566
621,9214
622,36452
623,25690
624,15674
625,113723
626,10131
627,2703
628,76858
629,6813
630,34218
631,20459
632,70326
633,24764
634,56596
635,38199
636,6750
637,1905
638,41299
639,23456
640,25101
641,10045
642,3445
643,8763
644,31054
645,26734
646,72346
647,7744
648,25468
649,4874
650,63665
651,631
652,18189
653,45415
654,5353
655,73269
656,6325
657,36107
658,13825
659,7235
660,35318
661,7063
662,56319
663,23385
664,66384
665,23696
666,95902
667,35785
668,11566
669,14065
670,15420
671,22435
672,5376
673,51174
674,59753
675,71298
676,23938
677,47924
678,1491
679,39972
680,22202
681,72269
682,12168
683,22677
684,5155
685,12538
686,286
687,6095
688,25005
689,50938
690,853
691,65796
692,58441
693,7799
694,50879
695,14177
696,21906
697,39622
698,2089
699,12874
700,13049
701,74501
702,100653
703,87208
704,57417
705,13932
706,10179
707,16385
708,8534
709,25707
710,59419
711,24099
712,10975
713,56132
714,6669
715,10460
716,4080
717,13717
718,32512
719,11727
720,50416
721,33265
722,890
723,50646
724,39688
725,34747
726,19154
727,8093
728,32747
729,19476
730,30848
731,1272
732,3234
733,35338
734,53114
735,22775
736,6135
737,58056
738,2905
739,39336
740,22571
741,32099
742,14045
743,29424
744,835
745,2111
746,1640
747,48077
748,1339
749,69985
750,33091
751,51125
752,69713
753,2305
754,4348
755,5066
756,50807
757,25587
758,6131
759,39071
760,43790
761,4123
762,56288
763,57232
764,1512
765,60678
766,4379
767,865
768,12781
769,75039
770,15607
771,14510
772,34837
773,24683
774,35686
775,26453
776,69295
777,24878
778,8658
779,14277
780,44544
781,16358
782,6812
783,67290
784,23423
785,52990
786,5957
787,3806
788,99658
789,3207
790,3004
791,39505
792,17062
793,29214
794,9972
795,54863
796,1721
797,66202
798,31701
799,16964
800,103618
801,7326
802,31046
803,3555
804,16246
805,58283
806,67422
807,68418
808,83919
809,87480
810,99198
811,51316
812,4480
813,28360
814,33019
815,35272
816,14167
817,1958
818,13786
819,35885
820,48969
821,5979
822,52580
823,15126
824,8973
825,62613
826,2410
827,14295
828,36879
829,11522
830,4311
831,13544
832,13942
833,13126
834,31129
835,24317
836,21445
837,3177
838,4409
839,37954
840,36557
841,80153
842,2070
843,37755
844,19127
845,27613
846,22376
847,59668
848,59784
849,28273
850,8456
851,60267
852,4566
853,18495
854,17507
855,10110
856,47400
857,23895
858,66881
859,13385
860,10332
861,2020
862,16205
863,1686
864,17061
865,7144
866,37134
867,42769
868,13981
869,46883
870,23719
871,35896
872,103804
873,21293
874,88830
875,61090
876,3250
877,66656
878,46966
879,2319
880,3523
881,4030
882,7702
883,24576
884,38449
885,55089
886,69050
887,46006
888,20789
889,4541
890,855
891,23616
892,2311
893,38444
894,20244
895,4963
896,11302
897,30210
898,73476
899,43022
900,12109
901,1685
902,27977
903,1370
904,37922
905,10943
906,20644
907,29957
908,21848
909,17164
910,11009
911,11325
912,22214
913,31112
914,13979
915,71491
916,35018
917,1875
918,18577
919,7252
920,10927
921,51631
922,8003
923,7024
924,50842
925,11505
926,72915
927,28222
928,44457
929,6633
930,31751
931,1591
932,63815
933,6370
934,67941
935,7755
936,48185
937,14507
938,106435
939,75442
940,40251
941,26808
942,53360
943,10840
944,9825
945,449
946,1469
947,3591
948,21587
949,75279
950,49
951,54527
952,8198
953,68838
954,24824
955,35463
956,6434
957,28059
958,21570
959,17776
960,25719
961,1738
962,317
963,17275
964,21696
965,34109
966,58122
967,61248
968,18506
969,24860
970,8174
971,2006
972,20980
973,19851
974,26454
975,37388
976,11396
977,27191
978,17392
979,29224
980,4980
981,691
982,11534
983,2497
984,9479
985,31476
986,7716
987,30031
988,20234
989,35128
990,11332
991,36752
992,36414
993,3235
994,6839
995,25995
996,8831
997,110988
998,7349
999,62690
1000,5294
1001,38275
1002,1865
1003,21362
1004,25157
1005,25036
1006,96162
1007,4955
1008,44713
1009,36307
1010,2216
1011,8164
1012,343
1013,732
1014,5073
1015,68257
1016,16098
1017,6756
1018,2464
1019,94110
1020,36266
1021,16127
1022,41948
1023,27435
1024,4308
1025,77446
1026,26543
1027,1786
1028,53411
1029,26909
1030,2960
1031,34550
1032,8142
1033,74445
1034,60867
1035,1245
1036,6372
1037,16916
1038,26061
1039,45451
1040,48189
1041,19784
1042,17359
1043,11243
1044,55543
1045,54404
1046,44333
1047,3618
1048,4700
1049,14341
1050,65714
1051,15801
1052,30860
1053,447
1054,66172
1055,169
1056,29728
1057,104500
1058,53681
1059,4912
1060,16295
1061,42540
1062,4683
1063,23377
1064,33889
1065,54823
1066,33414
1067,28598
1068,28031
1069,2794
1070,19524
1071,46322
1072,54477
1073,85266
1074,22124
1075,19505
1076,10084
1077,63280
1078,52028
1079,46669
1080,18302
1081,38463
1082,37436
1083,51126
1084,13124
1085,7605
1086,10502
1087,15275
1088,61760
1089,18390
1090,25479
1091,1579
1092,57716
1093,55553
1094,50630
1095,4834
1096,11004
1097,20475
1098,1536
1099,41208
1100,11314
1101,14671
1102,5873
1103,6940
1104,290
1105,19633
1106,23278
1107,22448
1108,21956
1109,48733
1110,72283
1111,67814
1112,1993
1113,56991
1114,41157
1115,13839
1116,39241
1117,25821
1118,11965
1119,7346
1120,47731
1121,37939
1122,9229
1123,39215
1124,83941
1125,5613
1126,16698
1127,1892
1128,70205
1129,20086
1130,4256
1131,4189
1132,7679
1133,22879
1134,9737
1135,56734
1136,11388
1137,39313
1138,9217
1139,52672
1140,6691
1141,1419
1142,4396
1143,33437
1144,17007
1145,36914
1146,35154
1147,11601
1148,58184
1149,3429
1150,20866
1151,34923
1152,20574
1153,46933
1154,11834
1155,11942
1156,25399
1157,45889
1158,8760
1159,3127
1160,51408
1161,71576
1162,1061
1163,5595
1164,17594
1165,3398
1166,83433
1167,3116
1168,19379
1169,28298
1170,31149
1171,3713
1172,8916
1173,23317
1174,6692
1175,53989
1176,4714
1177,19187
1178,24008
1179,21049
1180,4953
1181,64572
1182,2862
1183,60887
1184,38505
1185,44546
1186,85502
1187,49590
1188,34431
1189,70971
1190,84914
1191,6611
1192,55590
1193,76470
1194,7222
1195,99692
1196,24424
1197,28489
1198,71516
1199,34922
1200,4310
1201,33166
1202,72673
1203,26307
1204,38626
1205,57237
1206,8779
1207,66299
1208,10798
1209,14477
1210,17713
1211,30264
1212,9602
1213,869
1214,28648
1215,26672
1216,37775
1217,11940
1218,62135
1219,12219
1220,3079
1221,14283
1222,11235
1223,20164
1224,69458
1225,60990
1226,12911
1227,5220
1228,24359
1229,54592
1230,4035
1231,18880
1232,11980
1233,46810
1234,5031
1235,41311
1236,9634
1237,35351
1238,8898
1239,36143
1240,75225
1241,10086
1242,11934
1243,28444
1244,37901
1245,35307
1246,279
1247,13453
1248,47561
1249,56563
1250,4545
1251,36741
1252,24121
1253,22836
1254,99208
1255,17826
1256,2573
1257,22179
1258,5961
1259,5572
1260,33697
1261,31934
1262,30523
1263,25166
1264,71773
1265,46953
1266,25893
1267,14699
1268,22169
1269,43122
1270,20429
1271,34177
1272,55876
1273,11597
1274,114593
1275,46467
1276,67273
1277,5395
1278,10157
1279,49050
1280,8662
1281,36367
1282,51142
1283,20166
1284,22689
1285,51442
1286,130
1287,24601
1288,11577
1289,28663
1290,14607
1291,53204
1292,27702
1293,20266
1294,31925
1295,51676
1296,16249
1297,53682
1298,10513
1299,75137
1300,67938
1301,11882
1302,6000
1303,2209
1304,9747
1305,42273
1306,6080
1307,4575
1308,113497
1309,2351
1310,10821
1311,13248
1312,43290
1313,30118
1314,25901
1315,95378
1316,373
1317,10438
1318,20544
1319,20730
1320,27085
1321,113882
1322,89473
1323,5486
1324,3244
1325,41683
1326,634
1327,29600
1328,38722
1329,26145
1330,58005
1331,2
1332,10080
1333,8175
1334,3203
1335,10842
1336,51133
1337,5650
1338,15299
1339,21350
1340,9553
1341,17012
1342,114012
1343,72490
1344,50761
1345,11552
1346,10559
1347,29646
1348,26309
1349,18242
1350,49678
1351,6005
1352,40110
1353,46967
1354,21620
1355,58157
1356,50469
1357,70756
1358,29911
1359,31180
1360,40296
1361,30743
1362,12363
1363,84077
1364,29183
1365,9056
1366,15706
1367,22026
1368,13139
1369,22346
1370,51105
1371,56174
1372,32467
1373,91963
1374,2008
1375,49011
1376,5919
1377,63503
1378,55180
1379,25729
1380,45020
1381,2878
1382,2595
1383,20083
1384,16774
1385,29012
1386,103278
1387,30472
1388,52887
1389,54638
1390,10098
1391,5891
1392,108636
1393,21235
1394,4657
1395,25285
1396,56540
1397,188
1398,14097
1399,21739
1400,8536
1401,12744
1402,50686
1403,28947
1404,19518
1405,47420
1406,40297
1407,28889
1408,17963
1409,16483
1410,93997
1411,39551
1412,10624
1413,72410
1414,28549
1415,3031
1416,36247
1417,51284
1418,48960
1419,80337
1420,42570
1421,53191
1422,25194
1423,13583
1424,17427
1425,38079
1426,6848
1427,51108
1428,17297
1429,13074
1430,66463
1431,49487
1432,68261
1433,13876
1434,46468
1435,37988
1436,44568
1437,8249
1438,35787
1439,10834
1440,17573
1441,9362
1442,11238
1443,42747
1444,66655
1445,480
1446,10092
1447,104742
1448,26277
1449,19005
1450,26966
1451,24242
1452,43127
1453,73874
1454,22955
1455,21632
1456,45556
1457,69342
1458,46652
1459,66457
1460,32694
1461,30965
1462,2491
1463,54807
1464,25966
1465,7004
1466,23383
1467,2840
1468,22093
1469,47496
1470,95287
1471,5817
1472,67438
1473,46670
1474,100547
1475,53554
1476,34893
1477,39360
1478,10018
1479,1921
1480,495
1481,75537
1482,15681
1483,23997
1484,23589
1485,33694
1486,33658
1487,12153
1488,34603
1489,9112
1490,3319
1491,30481
1492,22979
1493,12258
1494,38371
1495,18992
1496,8907
1497,39377
1498,114845
1499,33236
1500,19771
1501,17881
1502,107440
1503,80132
1504,8643
1505,13853
1506,107387
1507,31935
1508,9204
1509,5598
1510,25679
1511,44657
1512,7532
1513,14761
1514,18005
1515,72928
1516,56228
1517,34807
1518,75142
1519,43705
1520,20842
1521,689
1522,29948
1523,563
1524,35314
1525,36032
1526,5797
1527,30026
1528,17647
1529,13414
1530,15858
1531,3494
1532,13064
1533,77264
1534,4927
1535,63364
1536,6212
1537,9575
1538,10000
1539,16705
1540,24432
1541,29312
1542,27698
1543,87186
1544,9380
1545,52206
1546,42441
1547,8229
1548,45057
1549,35127
1550,1197
1551,67731
1552,21220
1553,51470
1554,2567
1555,15435
1556,43828
1557,7534
1558,23420
1559,10903
1560,11247
1561,67866
1562,10255
1563,4471
1564,965
1565,21046
1566,28477
1567,13483
1568,927
1569,12655
1570,104676
1571,70101
1572,8382
1573,22120
1574,2570
1575,3805
1576,51361
1577,69470
1578,8575
1579,57968
1580,19038
1581,8544
1582,20246
1583,533
1584,68843
1585,11013
1586,59518
1587,50883
1588,1683
1589,52439
1590,526
1591,48585
1592,53377
1593,2727
1594,62384
1595,13017
1596,1778
1597,996
1598,2824
1599,2423
1600,2852
1601,4829
1602,7363
1603,67640
1604,25814
1605,75787
1606,561
1607,2915
1608,3829
1609,72006
1610,12941
1611,784
1612,22036
1613,69656
1614,1907
1615,67097
1616,26117
1617,9624
1618,53948
1619,4385
1620,63543
1621,65686
1622,12699
1623,6796
1624,6535
1625,13603
1626,6520
1627,41107
1628,80252
1629,45251
1630,9128
1631,31904
1632,36429
1633,32301
1634,7904
1635,3025
1636,1176
1637,10978
1638,39585
1639,8963
1640,9223
1641,7749
1642,26133
1643,89956
1644,821
1645,51946
1646,1437
1647,17691
1648,4692
1649,42799
1650,6114
1651,1286
1652,7609
1653,33099
1654,17753
1655,10727
1656,62584
1657,2295
1658,29599
1659,64770
1660,47744
1661,42203
1662,48206
1663,82560
1664,47903
1665,6025
1666,16577
1667,12706
1668,47271
1669,34367
1670,19703
1671,61106
1672,23279
1673,68632
1674,40024
1675,4884
1676,66338
1677,11569
1678,10455
1679,36661
1680,13336
1681,16073
1682,30823
1683,21396
1684,15454
1685,4390
1686,51011
1687,10113
1688,554
1689,57162
1690,5130
1691,45446
1692,21633
1693,2323
1694,2790
1695,60231
1696,21089
1697,8136
1698,22185
1699,56229
1700,5676
1701,6414
1702,57699
1703,28842
1704,32262
1705,42318
1706,52764
1707,42035
1708,21813
1709,19280
1710,7095
1711,28018
1712,1320
1713,15545
1714,33705
1715,32944
1716,33514
1717,17930
1718,28247
1719,107800
1720,15224
1721,42483
1722,23493
1723,11557
1724,54369
1725,36716
1726,5092
1727,36976
1728,24329
1729,10283
1730,1358
1731,58817
1732,8356
1733,8403
1734,19690
1735,22529
1736,11950
1737,7072
1738,43472
1739,21701
1740,28128
1741,8218
1742,21761
1743,12758
1744,16549
1745,5342
1746,8424
1747,54213
1748,23042
1749,38049
1750,37953
1751,69281
1752,6887
1753,5721
1754,29817
1755,10867
1756,3561
1757,11500
1758,938
1759,2928
1760,42488
1761,62485
1762,3636
1763,76117
1764,10935
1765,17888
1766,9578
1767,25925
1768,21147
1769,19288
1770,27930
1771,23334
1772,55877
1773,34894
1774,48280
1775,44718
1776,6577
1777,37908
1778,54670
1779,1637
1780,1354
1781,6600
1782,76162
1783,6882
1784,57402
1785,18368
1786,75398
1787,15105
1788,91089
1789,20987
1790,15990
1791,6214
1792,22246
1793,18426
1794,13921
1795,54215
1796,11420
1797,64569
1798,43003
1799,361
1800,55972
1801,50376
1802,8770
1803,13434
1804,85309
1805,6832
1806,56202
1807,64887
1808,46676
1809,77710
1810,23878
1811,16856
1812,18852
1813,64763
1814,47069
1815,12654
1816,2793
1817,68720
1818,17380
1819,16767
1820,15646
1821,8251
1822,44658
1823,7086
1824,111523
1825,15996
1826,83210
1827,12884
1828,1702
1829,59115
1830,1972
1831,25003
1832,32923
1833,23593
1834,10056
1835,101490
1836,28400
1837,42038
1838,47336
1839,64001
1840,7865
1841,84375
1842,30596
1843,29772
1844,17363
1845,29874
1846,44197
1847,7107
1848,1533
1849,33262
1850,9102
1851,4116
1852,25949
1853,52720
1854,24549
1855,8590
1856,98984
1857,10932
1858,33713
1859,35166
1860,34675
1861,38676
1862,26623
1863,31937
1864,112007
1865,34529
1866,15086
1867,40157
1868,38301
1869,11499
1870,3152
1871,7946
1872,38192
1873,36936
1874,68325
1875,364
1876,19944
1877,11702
1878,6541
1879,29496
1880,6113
1881,117718
1882,45427
1883,22498
1884,17486
1885,10779
1886,8569
1887,33957
1888,2932
1889,19867
1890,59961
1891,22807
1892,26076
1893,15905
1894,13335
1895,50087
1896,74592
1897,28132
1898,4220
1899,1496
1900,3141
1901,102207
1902,14570
1903,53610
1904,26554
1905,12929
1906,16630
1907,73722
1908,31362
1909,5061
1910,3468
1911,38843
1912,26100
1913,3036
1914,9769
1915,23122
1916,74683
1917,32679
1918,8338
1919,31437
1920,3368
1921,23625
1922,8323
1923,15190
1924,65632
1925,11242
1926,45781
1927,1124
1928,76568
1929,27787
1930,74340
1931,4148
1932,100505
1933,38541
1934,48933
1935,34072
1936,8752
1937,37594
1938,79411
1939,38027
1940,36227
1941,2071
1942,13102
1943,48356
1944,6023
1945,41613
1946,5529
1947,41804
1948,12100
1949,22099
1950,918
1951,18226
1952,23185
1953,4858
1954,42484
1955,68244
1956,51225
1957,8170
1958,53660
1959,3592
1960,65389
1961,27334
1962,14144
1963,12953
1964,425
1965,3328
1966,27512
1967,12813
1968,19232
1969,1996
1970,4826
1971,11784
1972,8118
1973,41534
1974,81695
1975,25843
1976,24145
1977,26848
1978,31074
1979,40102
1980,2956
1981,50895
1982,3647
1983,102925
1984,456
1985,32208
1986,84742
1987,58
1988,5014
1989,16188
1990,9174
1991,56752
1992,17859
1993,16931
1994,19551
1995,21068
1996,46923
1997,32795
1998,24820
1999,21651
2000,24235
2001,68322
2002,8331
2003,44543
2004,23857
2005,24610
2006,8026
2007,2236
2008,71047
2009,10456
2010,22496
2011,77382
2012,51281
2013,37095
2014,586
2015,19426
2016,35731
2017,45439
2018,9357
2019,3985
2020,56744
2021,22684
2022,30374
2023,71019
2024,30671
2025,22475
2026,9786
2027,37400
2028,16169
2029,23091
2030,3095
2031,594
2032,20796
2033,7398
2034,17722
2035,13065
2036,40285
2037,37327
2038,44630
2039,37262
2040,25517
2041,11465
2042,2194
2043,19290
2044,60556
2045,27552
2046,2461
2047,26576
2048,32196
2049,31048
2050,26265
2051,3823
2052,11749
2053,18619
2054,1527
2055,8345
2056,18849
2057,52368
2058,10522
2059,22080
2060,1969
2061,30826
2062,5323
2063,911
2064,52065
2065,34250
2066,24655
2067,9645
2068,5212
2069,62826
2070,85252
2071,52170
2072,112099
2073,44187
2074,19051
2075,35517
2076,27469
2077,69490
2078,11101
2079,10737
2080,3578
2081,23166
2082,1943
2083,3521
2084,2772
2085,25839
2086,2563
2087,15502
2088,9200
2089,5239
2090,69048
2091,22863
2092,18096
2093,54548
2094,16903
2095,55077
2096,34405
2097,4490
2098,940
2099,18970
2100,12275
2101,33840
2102,10037
2103,69804
2104,35131
2105,43965
2106,52797
2107,12527
2108,7672
2109,461
2110,81660
2111,15462
2112,26087
2113,10366
2114,11613
2115,102844
2116,10202
2117,6198
2118,10078
2119,15894
2120,24124
2121,69351
2122,17854
2123,49280
2124,14960
2125,42854
2126,39458
2127,333
2128,112165
2129,8348
2130,1237
2131,64491
2132,10036
2133,58318
2134,3668
2135,12397
2136,52788
2137,48787
2138,60462
2139,50946
2140,25669
2141,19007
2142,8030
2143,4936
2144,20229
2145,38145
2146,4380
2147,32774
2148,5462
2149,68561
2150,2221
2151,12761
2152,27258
2153,29299
2154,74627
2155,20558
2156,67070
2157,12494
2158,36369
2159,4596
2160,41663
2161,37519
2162,17178
2163,429
2164,56098
2165,22759
2166,18813
2167,12890
2168,42560
2169,8706
2170,11900
2171,35309
2172,23072
2173,592
2174,8817
2175,6020
2176,34338
2177,5587
2178,1397
2179,37453
2180,74908
2181,8266
2182,102962
2183,27122
2184,4919
2185,48053
2186,1114
2187,46239
2188,20215
2189,136
2190,23600
2191,8599
2192,30601
2193,77512
2194,1083
2195,69222
2196,85267
2197,2614
2198,31735
2199,6894
2200,30307
2201,76510
2202,5043
2203,19224
2204,1543
2205,50372
2206,51677
2207,25930
2208,23001
2209,37731
2210,60006
2211,76249
2212,67946
2213,49499
2214,22191
2215,72104
2216,51332
2217,3856
2218,5027
2219,11431
2220,36213
2221,29011
2222,24335
2223,14768
2224,52757
2225,83694
2226,932
2227,27968
2228,71521
2229,15148
2230,23980
2231,18060
2232,3378
2233,1140
2234,11853
2235,2340
2236,5499
2237,59389
2238,15717
2239,4890
2240,26690
2241,37597
2242,27960
2243,82892
2244,21399
2245,19013
2246,13479
2247,13030
2248,42990
2249,45160
2250,15031
2251,30123
2252,54539
2253,13315
2254,3374
2255,58455
2256,12743
2257,14959
2258,48111
2259,212
2260,42997
2261,55912
2262,10759
2263,26026
2264,20966
2265,13488
2266,11851
2267,37286
2268,31415
2269,44710
2270,26621
2271,1997
2272,9613
2273,2674
2274,14492
2275,27885
2276,17737
2277,6651
2278,112696
2279,17431
2280,49526
2281,59886
2282,70065
2283,8008
2284,15242
2285,18738
2286,506
2287,3051
2288,48812
2289,10313
2290,18572
2291,52306
2292,25592
2293,39771
2294,15630
2295,99331
2296,4978
2297,53582
2298,23798
2299,98319
2300,254
2301,49842
2302,18093
2303,55922
2304,9928
2305,61075
2306,4060
2307,3743
2308,53953
2309,17686
2310,2226
2311,3187
2312,73531
2313,57259
2314,60690
2315,36580
2316,98948
2317,38281
2318,18564
2319,20964
2320,1049
2321,2505
2322,9122
2323,28201
2324,64514
2325,1204
2326,18450
2327,19656
2328,29895
2329,88978
2330,2657
2331,14376
2332,19393
2333,31556
2334,48987
2335,42100
2336,45639
2337,33255
2338,11073
2339,14639
2340,10577
2341,42287
2342,25853
2343,14054
2344,46637
2345,2548
2346,22113
2347,15593
2348,2488
2349,876
2350,19841
2351,23866
2352,52897
2353,71833
2354,37816
2355,30620
2356,15890
2357,28028
2358,20884
2359,58450
2360,30136
2361,1135
2362,118969
2363,14181
2364,2789
2365,34925
2366,28277
2367,9028
2368,57856
2369,90069
2370,1454
2371,9710
2372,3887
2373,115766
2374,16406
2375,13707
2376,20047
2377,84687
2378,57965
2379,10620
2380,28137
2381,119957
2382,48260
2383,22323
2384,116154
2385,13782
2386,2888
2387,18668
2388,55919
2389,73059
2390,1601
2391,6069
2392,34330
2393,660
2394,14719
2395,1636
2396,32198
2397,117123
2398,54857
2399,13136
2400,15721
2401,18514
2402,9143
2403,41704
2404,23586
2405,22180
2406,31896
2407,50382
2408,795
2409,15085
2410,63598
2411,238
2412,9194
2413,2091
2414,3482
2415,18726
2416,64267
2417,12940
2418,11227
2419,23305
2420,48599
2421,9067
2422,66637
2423,59187
2424,15891
2425,14130
2426,160
2427,52980
2428,342
2429,39612
2430,48768
2431,19322
2432,63173
2433,23196
2434,62367
2435,46614
2436,24834
2437,18308
2438,28716
2439,44582
2440,13391
2441,19788
2442,6729
2443,58241
2444,30019
2445,3624
2446,20284
2447,9337
2448,103741
2449,47619
2450,35852
2451,49910
2452,55408
2453,44383
2454,6809
2455,32297
2456,50556
2457,51659
2458,2139
2459,1322
2460,22490
2461,17922
2462,18924
2463,80881
2464,29200
2465,3867
2466,3362
2467,33050
2468,5201
2469,43665
2470,49368
2471,35822
2472,36341
2473,51261
2474,7869
2475,9516
2476,6660
2477,5346
2478,39209
2479,66255
2480,50192
2481,10101
2482,22291
2483,45486
2484,43224
2485,11194
2486,4922
2487,11439
2488,295
2489,14489
2490,5910
2491,34764
2492,56122
2493,6146
2494,2485
2495,29742
2496,96348
2497,887
2498,10208
2499,12506
2500,14367
2501,11507
2502,27994
2503,80026
2504,23016
2505,18623
2506,7451
2507,22503
2508,19085
2509,4306
2510,22154
2511,352
2512,106477
2513,1682
2514,10417
2515,66438
2516,35436
2517,10986
2518,53699
2519,20537
2520,32326
2521,15012
2522,26442
2523,19298
2524,20037
2525,19920
2526,18764
2527,11973
2528,33133
2529,1694
2530,45096
2531,16065
2532,17953
2533,64526
2534,2609
2535,18013
2536,37882
2537,7384
2538,43526
2539,2127
2540,75138
2541,44061
2542,1431
2543,74844
2544,51193
2545,18117
2546,5057
2547,14715
2548,23178
2549,4886
2550,12505
2551,46026
2552,3344
2553,3918
2554,20995
2555,44640
2556,45380
2557,27753
2558,25364
2559,564
2560,17533
2561,41216
2562,17511
2563,20210
2564,53197
2565,66280
2566,23112
2567,19542
2568,116343
2569,33893
2570,2166
2571,15361
2572,69718
2573,15081
2574,31940
2575,18329
2576,23233
2577,1371
2578,27559
2579,13627
2580,27224
2581,69459
2582,837
2583,48589
2584,30072
2585,6002
2586,53389
2587,47286
2588,1938
2589,45524
2590,3882
2591,8721
2592,32612
2593,35908
2594,4736
2595,37777
2596,7462
2597,4733
2598,45102
2599,113599
2600,2873
2601,38016
2602,25051
2603,13785
2604,69152
2605,56648
2606,21193
2607,87449
2608,39122
2609,12943
2610,9910
2611,18955
2612,52731
2613,114378
2614,15838
2615,57662
2616,38527
2617,9142
2618,40236
2619,22624
2620,55686
2621,22873
2622,66773
2623,103108
2624,58839
2625,4935
2626,14408
2627,5717
2628,11690
2629,24314
2630,49797
2631,409
2632,16290
2633,57615
2634,11523
2635,48354
2636,61406
2637,1987
2638,624
2639,56985
2640,3082
2641,4488
2642,24332
2643,10950
2644,3892
2645,5588
2646,74657
2647,16531
2648,14290
2649,8682
2650,32129
2651,25703
2652,3852
2653,68181
2654,83935
2655,6703
2656,17893
2657,106333
2658,1821
2659,51875
2660,27054
2661,17211
2662,73731
2663,57612
2664,4187
2665,5226
2666,19558
2667,6511
2668,29907
2669,11694
2670,3239
2671,53038
2672,20978
2673,74997
2674,87791
2675,68640
2676,60033
2677,7359
2678,26643
2679,66059
2680,102799
2681,34447
2682,31609
2683,134
2684,350
2685,49666
2686,9356
2687,12989
2688,51542
2689,11562
2690,51723
2691,84672
2692,42045
2693,76349
2694,4305
2695,6526
2696,29949
2697,25079
2698,70661
2699,617
2700,31612
2701,25189
2702,64938
2703,47526
2704,8096
2705,5320
2706,56309
2707,24636
2708,96894
2709,82316
2710,29730
2711,30227
2712,55684
2713,63883
2714,66378
2715,32354
2716,14458
2717,67742
2718,1979
2719,17628
2720,8186
2721,19742
2722,36641
2723,5321
2724,78362
2725,35303
2726,14951
2727,32872
2728,59485
2729,3885
2730,46582
2731,23845
2732,1385
2733,13230
2734,8813
2735,30394
2736,35960
2737,9016
2738,44632
2739,3096
2740,35219
2741,47921
2742,7626
2743,18886
2744,24566
2745,5907
2746,1150
2747,53620
2748,59921
2749,7724
2750,66001
2751,14940
2752,89367
2753,25701
2754,23104
2755,16236
2756,28081
2757,22821
2758,9330
2759,7691
2760,5707
2761,3282
2762,36090
2763,35036
2764,35702
2765,4915
2766,65942
2767,108045
2768,2182
2769,46376
2770,13891
2771,29850
2772,68659
2773,33587
2774,92925
2775,17020
2776,6557
2777,38838
2778,64543
2779,49624
2780,37772
2781,66828
2782,24849
2783,5357
2784,7556
2785,3551
2786,22971
2787,1000
2788,20185
2789,36571
2790,13901
2791,33651
2792,46739
2793,41467
2794,79616
2795,44237
2796,28410
2797,79416
2798,60517
2799,69914
2800,25344
2801,59972
2802,10432
2803,35608
2804,21770
2805,35320
2806,9682
2807,700
2808,55903
2809,110444
2810,95289
2811,33738
2812,84200
2813,83571
2814,22729
2815,44260
2816,63025
2817,20349
2818,48996
2819,26641
2820,4338
2821,49341
2822,20686
2823,17770
2824,4908
2825,13702
2826,52958
2827,17247
2828,26676
2829,66373
2830,8462
2831,29124
2832,105618
2833,6464
2834,1304
2835,53836
2836,25250
2837,1859
2838,5924
2839,14718
2840,30884
2841,33300
2842,27117
2843,19922
2844,2513
2845,47624
2846,23960
2847,34563
2848,17943
2849,20867
2850,54916
2851,45664
2852,86831
2853,74923
2854,23606
2855,4301
2856,3904
2857,10449
2858,4585
2859,30196
2860,57794
2861,17955
2862,6401
2863,82251
2864,684
2865,48301
2866,226
2867,9882
2868,9453
2869,12158
2870,27091
2871,9069
2872,66752
2873,40223
2874,12885
2875,52346
2876,48394
2877,36079
2878,56071
2879,35464
2880,27439
2881,19665
2882,5345
2883,10420
2884,58131
2885,29512
2886,11361
2887,8740
2888,49661
2889,27095
2890,33167
2891,37031
2892,91390
2893,36617
2894,3787
2895,28575
2896,39456
2897,12387
2898,14094
2899,37512
2900,27327
2901,11297
2902,15825
2903,9948
2904,23078
2905,26625
2906,14751
2907,782
2908,61823
2909,20224
2910,38921
2911,56294
2912,20155
2913,68014
2914,70810
2915,29029
2916,109688
2917,59600
2918,10770
2919,6039
2920,15385
2921,34112
2922,4158
2923,4336
2924,8661
2925,1755
2926,26131
2927,13647
2928,56450
2929,75006
2930,64692
2931,7426
2932,55190
2933,91147
2934,35118
2935,6472
2936,71407
2937,56853
2938,37776
2939,32846
2940,65694
2941,9265
2942,35161
2943,39333
2944,6133
2945,47121
2946,65084
2947,60759
2948,6783
2949,18860
2950,9293
2951,51980
2952,28692
2953,4997
2954,3983
2955,63428
2956,54153
2957,16590
2958,31309
2959,23737
2960,2767
2961,13549
2962,50402
2963,97799
2964,18787
2965,42764
2966,27942
2967,77373
2968,13010
2969,401
2970,12162
2971,50762
2972,20753
2973,53101
2974,74492
2975,13689
2976,35561
2977,58944
2978,13413
2979,9170
2980,6410
2981,48873
2982,68169
2983,8896
2984,110087
2985,52745
2986,34077
2987,7284
2988,88378
2989,110179
2990,9594
2991,89700
2992,22215
2993,30516
2994,4193
2995,50329
2996,98649
2997,20152
2998,12037
2999,11144
3000,203
3001,1936
3002,20070
3003,51176
3004,5182
3005,34939
3006,57722
3007,92361
3008,20371
3009,52509
3010,39056
3011,941
3012,81484
3013,878
3014,43920
3015,6421
3016,43232
3017,26561
3018,69971
3019,535
3020,13827
3021,33569
3022,9976
3023,2029
3024,81136
3025,67005
3026,56057
3027,13177
3028,10648
3029,4005
3030,7722
3031,16015
3032,1700
3033,62003
3034,646
3035,1607
3036,67913
3037,14031
3038,10205
3039,66261
3040,41200
3041,25267
3042,83415
3043,1360
3044,68874
3045,59231
3046,40265
3047,41641
3048,26585
3049,47929
3050,10512
3051,2160
3052,36521
3053,62043
3054,18655
3055,23955
3056,25389
3057,74934
3058,45864
3059,24942
3060,10237
3061,21639
3062,12783
3063,60077
3064,19842
3065,44525
3066,32147
3067,17109
3068,57796
3069,10188
3070,74686
3071,73084
3072,70477
3073,59295
3074,568
3075,30373
3076,6015
3077,10962
3078,9958
3079,33162
3080,10374
3081,14235
3082,13180
3083,2759
3084,58461
3085,29530
3086,51371
3087,12070
3088,15282
3089,44044
3090,4212
3091,18874
3092,3643
3093,71550
3094,3696
3095,50722
3096,34463
3097,5610
3098,11634
3099,59161
3100,4462
3101,39514
3102,41712
3103,35266
3104,1743
3105,60735
3106,45650
3107,64667
3108,19651
3109,33297
3110,81846
3111,41384
3112,7172
3113,18976
3114,81167
3115,8603
3116,48927
3117,118372
3118,54883
3119,24321
3120,10501
3121,49762
3122,11792
3123,34444
3124,9025
3125,10692
3126,832
3127,62113
3128,35615
3129,44110
3130,30693
3131,45163
3132,51190
3133,10264
3134,230
3135,21196
3136,5245
3137,22115
3138,9954
3139,9576
3140,20370
3141,14103
3142,66631
3143,1646
3144,15251
3145,45307
3146,45931
3147,14417
3148,75364
3149,29955
3150,51129
3151,3941
3152,10647
3153,696
3154,57652
3155,57838
3156,881
3157,32249
3158,30421
3159,42363
3160,16821
3161,4481
3162,10818
3163,23303
3164,15370
3165,2714
3166,25448
3167,38204
3168,20993
3169,11423
3170,23852
3171,62469
3172,312
3173,15084
3174,41569
3175,648
3176,28467
3177,25126
3178,32576
3179,19637
3180,84574
3181,13084
3182,19483
3183,17285
3184,104631
3185,24696
3186,113495
3187,4903
3188,62831
3189,16085
3190,39317
3191,45948
3192,38929
3193,1212
3194,51432
3195,4102
3196,102244
3197,69710
3198,117604
3199,90569
3200,2145
3201,44772
3202,197
3203,55221
3204,17555
3205,2125
3206,33293
3207,3879
3208,7839
3209,26372
3210,13838
3211,18649
3212,58258
3213,30726
3214,35936
3215,1747
3216,47641
3217,70675
3218,38617
3219,115401
3220,6075
3221,727
3222,3463
3223,46962
3224,35732
3225,5904
3226,18004
3227,71747
3228,33015
3229,6040
3230,28364
3231,57859
3232,55256
3233,67669
3234,37067
3235,4433
3236,7548
3237,5898
3238,47093
3239,58881
3240,34740
3241,9349
3242,3125
3243,6881
3244,37739
3245,4697
3246,71291
3247,12008
3248,14083
3249,51988
3250,64447
3251,58058
3252,6479
3253,22266
3254,20642
3255,26295
3256,10961
3257,13608
3258,756
3259,19528
3260,3260
3261,33224
3262,21533
3263,23195
3264,5209
3265,26376
3266,10907
3267,2841
3268,6103
3269,8671
3270,33281
3271,32994
3272,6797
3273,19943
3274,26807
3275,15203
3276,33487
3277,42127
3278,50986
3279,38415
3280,3062
3281,5097
3282,55468
3283,38827
3284,40035
3285,17554
3286,41454
3287,17131
3288,53
3289,37468
3290,12315
3291,51471
3292,10880
3293,16589
3294,3837
3295,46646
3296,30525
3297,14273
3298,45450
3299,73959
3300,2281
3301,38813
3302,28776
3303,52949
3304,39667
3305,25730
3306,23601
3307,104942
3308,14916
3309,4145
3310,102306
3311,30635
3312,13747
3313,107703
3314,27201
3315,33209
3316,31713
3317,2163
3318,31337
3319,9696
3320,11964
3321,15239
3322,107
3323,25328
3324,677
3325,16621
3326,21065
3327,55194
3328,68012
3329,25533
3330,64098
3331,7122
3332,10427
3333,73233
3334,19389
3335,20600
3336,10519
3337,11480
3338,59339
3339,13542
3340,3512
3341,398
3342,43088
3343,7779
3344,53884
3345,42104
3346,45981
3347,43865
3348,6175
3349,1095
3350,9694
3351,15024
3352,49891
3353,1660
3354,74405
3355,58118
3356,6512
3357,60496
3358,18583
3359,1667
3360,3287
3361,9987
3362,331
3363,24645
3364,731
3365,34854
3366,4991
3367,22524
3368,43888
3369,23519
3370,3694
3371,42115
3372,2869
3373,26706
3374,29586
3375,76098
3376,10389
3377,48333
3378,1273
3379,53984
3380,11658
3381,37281
3382,4882
3383,3611
3384,39965
3385,643
3386,25257
3387,17506
3388,4376
3389,26024
3390,64548
3391,34157
3392,2689
3393,4466
3394,4875
3395,62873
3396,14261
3397,17564
3398,17184
3399,47362
3400,59724
3401,7098
3402,17585
3403,14995
3404,43211
3405,29325
3406,19276
3407,10882
3408,101433
3409,27670
3410,22400
3411,7132
3412,51057
3413,12342
3414,11990
3415,12149
3416,11120
3417,21476
3418,11986
3419,3301
3420,2885
3421,48424
3422,61458
3423,8997
3424,16839
3425,24084
3426,11310
3427,43498
3428,16963
3429,28041
3430,62297
3431,22804
3432,11858
3433,3276
3434,32683
3435,8993
3436,2621
3437,57619
3438,2906
3439,7502
3440,16995
3441,18766
3442,984
3443,10787
3444,28731
3445,8292
3446,39541
3447,36336
3448,13910
3449,7274
3450,8097
3451,91470
3452,49714
3453,18558
3454,32067
3455,13936
3456,8102
3457,62627
3458,53958
3459,19971
3460,49234
3461,23556
3462,1777
3463,33532
3464,70192
3465,5260
3466,55785
3467,19510
3468,30715
3469,13327
3470,475
3471,1365
3472,43691
3473,19728
3474,12962
3475,17441
3476,35583
3477,32912
3478,12910
3479,497
3480,21953
3481,23685
3482,42304
3483,47267
3484,19778
3485,2594
3486,4550
3487,30608
3488,40316
3489,15485
3490,49647
3491,56097
3492,22920
3493,1944
3494,84551
3495,15015
3496,21726
3497,8816
3498,20908
3499,5449
3500,66105
3501,104166
3502,63552
3503,7826
3504,15021
3505,12157
3506,27454
3507,10575
3508,43113
3509,1149
3510,74273
3511,27071
3512,11082
3513,97437
3514,7597
3515,47555
3516,49631
3517,57330
3518,57936
3519,62052
3520,20102
3521,15709
3522,55767
3523,80610
3524,1745
3525,17705
3526,13353
3527,2453
3528,25288
3529,15139
3530,24922
3531,35535
3532,28609
3533,80826
3534,1495
3535,19951
3536,45676
3537,21414
3538,20733
3539,37867
3540,34705
3541,56557
3542,23529
3543,3960
3544,27849
3545,30466
3546,42555
3547,29798
3548,30989
3549,9798
3550,13396
3551,21579
3552,41649
3553,15176
3554,44284
3555,30940
3556,48268
3557,48428
3558,1014
3559,27775
3560,49159
3561,30383
3562,110872
3563,25006
3564,53673
3565,12585
3566,14572
3567,32725
3568,5326
3569,18176
3570,52614
3571,16844
3572,46642
3573,573
3574,5266
3575,8317
3576,1042
3577,61225
3578,7547
3579,51493
3580,43338
3581,51106
3582,27289
3583,20777
3584,39183
3585,55456
3586,1079
3587,14968
3588,21686
3589,2017
3590,4574
3591,58969
3592,3114
3593,12370
3594,20377
3595,42798
3596,1288
3597,25898
3598,65385
3599,67533
3600,21450
3601,8894
3602,74945
3603,59757
3604,1834
3605,11426
3606,1917
3607,9254
3608,14286
3609,70440
3610,9583
3611,1818
3612,55005
3613,33037
3614,14632
3615,15171
3616,19556
3617,5325
3618,107598
3619,44182
3620,1268
3621,18842
3622,10678
3623,906
3624,63067
3625,91614
3626,39627
3627,13171
3628,66232
3629,46729
3630,32553
3631,6456
3632,3453
3633,5769
3634,43337
3635,16580
3636,67080
3637,7000
3638,11793
3639,2047
3640,36494
3641,48624
3642,13004
3643,885
3644,53210
3645,54411
3646,1991
3647,50352
3648,3902
3649,13616
3650,38841
3651,694
3652,50180
3653,75924
3654,60607
3655,25277
3656,119
3657,60178
3658,62989
3659,67987
3660,20701
3661,15062
3662,52838
3663,23153
3664,13842
3665,47039
3666,25245
3667,25638
3668,63092
3669,23927
3670,21568
3671,19828
3672,42690
3673,23436
3674,34473
3675,11055
3676,18406
3677,44094
3678,38938
3679,214
3680,22407
3681,54251
3682,9503
3683,53788
3684,53232
3685,5635
3686,20038
3687,48909
3688,10324
3689,65700
3690,32585
3691,52486
3692,21801
3693,16990
3694,51735
3695,61386
3696,17942
3697,51151
3698,10852
3699,74543
3700,43877
3701,10060
3702,44850
3703,2090
3704,96692
3705,54945
3706,31181
3707,9052
3708,38206
3709,53482
3710,28810
3711,50916
3712,3237
3713,17389
3714,11526
3715,39165
3716,24753
3717,249
3718,75663
3719,74841
3720,89311
3721,36432
3722,7981
3723,53981
3724,15592
3725,102533
3726,38375
3727,43202
3728,25610
3729,5481
3730,35832
3731,9421
3732,37866
3733,5586
3734,108959
3735,33976
3736,6975
3737,34222
3738,25299
3739,20170
3740,10953
3741,12310
3742,66902
3743,31660
3744,21695
3745,4620
3746,16113
3747,21521
3748,15046
3749,26254
3750,3950
3751,116594
3752,29469
3753,24667
3754,13777
3755,34229
3756,3748
3757,3174
3758,37518
3759,109703
3760,68417
3761,39563
3762,43322
3763,2200
3764,1872
3765,8485
3766,60393
3767,105746
3768,53679
3769,21106
3770,35310
3771,51326
3772,16018
3773,18492
3774,114456
3775,1120
3776,13397
3777,46069
3778,47880
3779,95276
3780,28775
3781,19752
3782,36479
3783,21221
3784,18699
3785,5341
3786,66044
3787,13085
3788,22611
3789,30064
3790,4945
3791,88813
3792,14823
3793,22122
3794,969
3795,2303
3796,2666
3797,46999
3798,47519
3799,15735
3800,58873
3801,14809
3802,11161
3803,3243
3804,50385
3805,14168
3806,30692
3807,10235
3808,18812
3809,52106
3810,52501
3811,13804
3812,22015
3813,26419
3814,241
3815,5359
3816,13763
3817,4877
3818,19464
3819,13107
3820,3221
3821,8211
3822,3621
3823,53168
3824,8119
3825,10688
3826,30660
3827,8094
3828,12225
3829,75565
3830,1267
3831,10409
3832,844
3833,27152
3834,5244
3835,2547
3836,12809
3837,65240
3838,19210
3839,23120
3840,68377
3841,14370
3842,9615
3843,44883
3844,7135
3845,7489
3846,28234
3847,16390
3848,18680
3849,2325
3850,31881
3851,2141
3852,26825
3853,19707
3854,9676
3855,16866
3856,29841
3857,14731
3858,8016
3859,50079
3860,47096
3861,18402
3862,58209
3863,24392
3864,16266
3865,3466
3866,20372
3867,3254
3868,26247
3869,12879
3870,38565
3871,51012
3872,13094
3873,29944
3874,33821
3875,35796
3876,3791
3877,8890
3878,20290
3879,54234
3880,23458
3881,10721
3882,15938
3883,21517
3884,8296
3885,51773
3886,41913
3887,4654
3888,27938
3889,1592
3890,57674
3891,38700
3892,5963
3893,57821
3894,31734
3895,33473
3896,1888
3897,66376
3898,62344
3899,8455
3900,60972
3901,60155
3902,63002
3903,8529
3904,559
3905,57014
3906,106909
3907,29807
3908,48224
3909,38695
3910,18264
3911,18985
3912,63764
3913,62505
3914,1879
3915,3437
3916,6622
3917,32407
3918,31724
3919,2676
3920,42335
3921,60806
3922,25260
3923,21527
3924,5926
3925,9732
3926,6900
3927,100942
3928,12774
3929,34143
3930,46564
3931,16335
3932,4562
3933,22970
3934,35597
3935,72854
3936,1395
3937,26414
3938,11752
3939,20287
3940,7964
3941,61029
3942,11833
3943,9631
3944,25523
3945,10539
3946,29616
3947,1680
3948,27065
3949,51705
3950,11862
3951,72200
3952,89603
3953,73831
3954,18613
3955,27546
3956,32802
3957,10174
3958,6115
3959,3780
3960,48236
3961,70015
3962,7448
3963,31653
3964,20624
3965,3102
3966,10516
3967,1047
3968,24609
3969,32307
3970,654
3971,1194
3972,22196
3973,49212
3974,38842
3975,15554
3976,23491
3977,26403
3978,54640
3979,8688
3980,8972
3981,405
3982,47589
3983,83942
3984,63153
3985,34123
3986,15040
3987,26872
3988,55899
3989,51561
3990,48670
3991,16203
3992,18666
3993,3222
3994,13973
3995,5879
3996,5010
3997,65216
3998,2157
3999,14441
4000,4024
4001,22872
4002,60173
4003,9408
4004,525
4005,37442
4006,8852
4007,1018
4008,54725
4009,72866
4010,42533
4011,3503
4012,31061
4013,37554
4014,16252
4015,12202
4016,11806
4017,3137
4018,1955
4019,15369
4020,38975
4021,7439
4022,7403
4023,26867
4024,44466
4025,2245
4026,24385
4027,8144
4028,33208
4029,54721
4030,11856
4031,4560
4032,22025
4033,44558
4034,2741
4035,117768
4036,7985
4037,3175
4038,59965
4039,30837
4040,6981
4041,35057
4042,9608
4043,2803
4044,43786
4045,56895
4046,6232
4047,9222
4048,31808
4049,31319
4050,11672
4051,91518
4052,3779
4053,49706
4054,16797
4055,29990
4056,18587
4057,18343
4058,15441
4059,41440
4060,33017
4061,37679
4062,38481
4063,59025
4064,13485
4065,3638
4066,5388
4067,25400
4068,17914
4069,25108
4070,3720
4071,69436
4072,6400
4073,15066
4074,100775
4075,21219
4076,31796
4077,16063
4078,44583
4079,65704
4080,32668
4081,53567
4082,17929
4083,26736
4084,11870
4085,22308
4086,21556
4087,22078
4088,50424
4089,71855
4090,22436
4091,22578
4092,44246
4093,48695
4094,21635
4095,32390
4096,27449
4097,1497
4098,75689
4099,6282
4100,82294
4101,19555
4102,30718
4103,50272
4104,17525
4105,17118
4106,57306
4107,16159
4108,21401
4109,24646
4110,59767
4111,14314
4112,48127
4113,7185
4114,30287
4115,4303
4116,1220
4117,14745
4118,16121
4119,38545
4120,21454
4121,24095
4122,6104
4123,1390
4124,15069
4125,2147
4126,245
4127,39106
4128,20616
4129,54526
4130,100078
4131,9327
4132,6565
4133,4464
4134,21892
4135,22892
4136,7847
4137,13470
4138,16541
4139,6925
4140,31365
4141,7967
4142,62817
4143,16066
4144,40786
4145,4535
4146,22228
4147,68029
4148,28009
4149,1929
4150,53249
4151,21356
4152,6873
4153,354
4154,9931
4155,20587
4156,91625
4157,19598
4158,51424
4159,9803
4160,7322
4161,27934
4162,5888
4163,20882
4164,23912
4165,101391
4166,16241
4167,80915
4168,102325
4169,26116
4170,3076
4171,89309
4172,57254
4173,483
4174,875
4175,18404
4176,13015
4177,1855
4178,13821
4179,8903
4180,5606
4181,3860
4182,102618
4183,20113
4184,45986
4185,78638
4186,13950
4187,15459
4188,55234
4189,82099
4190,17391
4191,2968
4192,30324
4193,50283
4194,10668
4195,23785
4196,34432
4197,20876
4198,5709
4199,1631
4200,5988
4201,56469
4202,56247
4203,52555
4204,48472
4205,6924
4206,50234
4207,2184
4208,30560
4209,50987
4210,56698
4211,59228
4212,23244
4213,7991
4214,2827
4215,16011
4216,10225
4217,22181
4218,39516
4219,19462
4220,7051
4221,11515
4222,22257
4223,7683
4224,6317
4225,10629
4226,7146
4227,36650
4228,115124
4229,37179
4230,81617
4231,65665
4232,37563
4233,32281
4234,36612
4235,2418
4236,15613
4237,43770
4238,22818
4239,926
4240,53141
4241,13220
4242,1298
4243,96583
4244,31264
4245,69558
4246,14413
4247,2747
4248,20920
4249,30461
4250,16584
4251,12707
4252,10588
4253,8859
4254,51804
4255,508
4256,26333
4257,13768
4258,32408
4259,8720
4260,73340
4261,38950
4262,66873
4263,67650
4264,15974
4265,6404
4266,49231
4267,6290
4268,21344
4269,51453
4270,4180
4271,34228
4272,14742
4273,65411
4274,23934
4275,1137
4276,20455
4277,11226
4278,56192
4279,65109
4280,7750
4281,4186
4282,16537
4283,3943
4284,9768
4285,75434
4286,66932
4287,27532
4288,3533
4289,11977
4290,74327
4291,60766
4292,2616
4293,6773
4294,58178
4295,62622
4296,25122
4297,6110
4298,33813
4299,18625
4300,52706
4301,84053
4302,17129
4303,12720
4304,5897
4305,26408
4306,6858
4307,10584
4308,64725
4309,115973
4310,6365
4311,9685
4312,6337
4313,12238
4314,28231
4315,13738
4316,51772
4317,45885
4318,16076
4319,6877
4320,22062
4321,38872
4322,14941
4323,50936
4324,60550
4325,21642
4326,82
4327,34771
4328,13436
4329,55521
4330,7602
4331,27161
4332,7959
4333,41926
4334,9383
4335,73191
4336,62914
4337,742
4338,33286
4339,10473
4340,6071
4341,20849
4342,24293
4343,5773
4344,1539
4345,52737
4346,14804
4347,32966
4348,4880
4349,53872
4350,13895
4351,39718
4352,45574
4353,78649
4354,16039
4355,32676
4356,2601
4357,46666
4358,23679
4359,3140
4360,2740
4361,13276
4362,1249
4363,24555
4364,77650
4365,15357
4366,42010
4367,30550
4368,1520
4369,34139
4370,16544
4371,58883
4372,5681
4373,15169
4374,4089
4375,6035
4376,16280
4377,42165
4378,42601
4379,33724
4380,12302
4381,24772
4382,4468
4383,64013
4384,19489
4385,13261
4386,21340
4387,66281
4388,4414
4389,53921
4390,7785
4391,2456
4392,18978
4393,16566
4394,82337
4395,69199
4396,24076
4397,14215
4398,22853
4399,99199
4400,56492
4401,32010
4402,105805
4403,21093
4404,2035
4405,1563
4406,28230
4407,18964
4408,54491
4409,3811
4410,59742
4411,9622
4412,7410
4413,7404
4414,2278
4415,19988
4416,43172
4417,73114
4418,8606
4419,13492
4420,55714
4421,2386
4422,21680
4423,303
4424,75509
4425,2492
4426,18641
4427,51040
4428,21257
4429,69826
4430,13150
4431,4817
4432,2542
4433,42028
4434,22382
4435,4986
4436,62024
4437,70109
4438,5903
4439,33771
4440,41648
4441,7299
4442,62150
4443,36721
4444,15660
4445,1347
4446,575
4447,34712
4448,8799
4449,10690
4450,88
4451,9960
4452,108654
4453,64728
4454,46685
4455,3552
4456,18134
4457,31814
4458,2116
4459,11215
4460,33594
4461,49136
4462,11463
4463,46150
4464,86740
4465,52184
4466,50487
4467,5164
4468,15771
4469,9693
4470,67341
4471,7639
4472,1171
4473,107216
4474,70923
4475,4879
4476,57339
4477,86126
4478,27695
4479,72286
4480,589
4481,87067
4482,52551
4483,5128
4484,35665
4485,23747
4486,20171
4487,108131
4488,40105
4489,32384
4490,2509
4491,12455
4492,18503
4493,55635
4494,68156
4495,108323
4496,97267
4497,4423
4498,4497
4499,802
4500,39420
4501,63084
4502,15965
4503,2135
4504,9530
4505,11001
4506,19805
4507,35698
4508,40071
4509,2007
4510,10925
4511,14135
4512,6666
4513,23873
4514,44371
4515,19469
4516,42530
4517,4244
4518,18296
4519,28329
4520,35888
4521,18521
4522,102084
4523,17026
4524,42999
4525,30612
4526,40807
4527,20902
4528,10175
4529,15773
4530,4280
4531,23351
4532,63215
4533,18451
4534,47350
4535,19862
4536,9312
4537,88376
4538,29965
4539,1714
4540,50584
4541,20533
4542,79772
4543,57485
4544,39540
4545,10076
4546,22413
4547,5782
4548,997
4549,47647
4550,38510
4551,20762
4552,2078
4553,24830
4554,8566
4555,56072
4556,15101
4557,26064
4558,2623
4559,12554
4560,18036
4561,28965
4562,2063
4563,13053
4564,10788
4565,55395
4566,34108
4567,45644
4568,2618
4569,1793
4570,19998
4571,38562
4572,37986
4573,4383
4574,98533
4575,47845
4576,27300
4577,42718
4578,5513
4579,13244
4580,3092
4581,3059
4582,41842
4583,840
4584,14025
4585,55
4586,1089
4587,10958
4588,39906
4589,7181
4590,4161
4591,44218
4592,9360
4593,7669
4594,22261
4595,2022
4596,52511
4597,12509
4598,63452
4599,40172
4600,7649
4601,4644
4602,1760
4603,35753
4604,43435
4605,11135
4606,14521
4607,32770
4608,49236
4609,58528
4610,26484
4611,748
4612,11335
4613,2013
4614,70633
4615,29971
4616,23563
4617,15006
4618,76726
4619,20142
4620,5549
4621,19351
4622,44523
4623,2239
4624,51669
4625,55125
4626,5617
4627,24237
4628,10981
4629,57582
4630,1849
4631,54464
4632,2647
4633,44706
4634,39926
4635,40230
4636,36464
4637,29142
4638,30281
4639,13466
4640,66683
4641,18249
4642,28205
4643,28271
4644,228
4645,8914
4646,38433
4647,20120
4648,49857
4649,18835
4650,50924
4651,32554
4652,12969
4653,20485
4654,5422
4655,21176
4656,19443
4657,18347
4658,18444
4659,9339
4660,5363
4661,18086
4662,38710
4663,13797
4664,38985
4665,17307
4666,50999
4667,12452
4668,35570
4669,9599
4670,26107
4671,9261
4672,13956
4673,47498
4674,59103
4675,59204
4676,11036
4677,30005
4678,9388
4679,29168
4680,4580
4681,3680
4682,10847
4683,12925
4684,30230
4685,46648
4686,8589
4687,9462
4688,37457
4689,32700
4690,68050
4691,42429
4692,1174
4693,22518
4694,37592
4695,16360
4696,24433
4697,35230
4698,4139
4699,91132
4700,3822
4701,70363
4702,15345
4703,90240
4704,4918
4705,46075
4706,28581
4707,4081
4708,24632
4709,408
4710,11855
4711,37330
4712,15202
4713,260
4714,34885
4715,42696
4716,1930
4717,7377
4718,47684
4719,26339
4720,3968
4721,28394
4722,7857
4723,82261
4724,40262
4725,20602
4726,74301
4727,81238
4728,3742
4729,8512
4730,40091
4731,6269
4732,6333
4733,61800
4734,22012
4735,39834
4736,120095
4737,7395
4738,4346
4739,51983
4740,5339
4741,28844
4742,52477
4743,3097
4744,19646
4745,6191
4746,51756
4747,19414
4748,28519
4749,57621
4750,30501
4751,14131
4752,44697
4753,25396
4754,95403
4755,3178
4756,53410
4757,23455
4758,34184
4759,12564
4760,50346
4761,64400
4762,4221
4763,39749
4764,19384
4765,28060
4766,98248
4767,5878
4768,1420
4769,54445
4770,12798
4771,14375
4772,3543
4773,105459
4774,22343
4775,47841
4776,44502
4777,95761
4778,70209
4779,1063
4780,16608
4781,37833
4782,43252
4783,103047
4784,8414
4785,8595
4786,2085
4787,17772
4788,118405
4789,64983
4790,15723
4791,39588
4792,69886
4793,6223
4794,49455
4795,12895
4796,30057
4797,12759
4798,69373
4799,14551
4800,31383
4801,66566
4802,43988
4803,87833
4804,36149
4805,59820
4806,28233
4807,11711
4808,54903
4809,74194
4810,10893
4811,43249
4812,25300
4813,22806
4814,16443
4815,12224
4816,41114
4817,17319
4818,6665
4819,7184
4820,17818
4821,45608
4822,55073
4823,12359
4824,5940
4825,39092
4826,2782
4827,52293
4828,59617
4829,23947
4830,15873
4831,37130
4832,18776
4833,54308
4834,37168
4835,47406
4836,28469
4837,31139
4838,19617
4839,6483
4840,2476
4841,2244
4842,1168
4843,1250
4844,10884
4845,7684
4846,37789
4847,102304
4848,26321
4849,3071
4850,11384
4851,31551
4852,4079
4853,14710
4854,22420
4855,53024
4856,5218
4857,23778
4858,33589
4859,46482
4860,53763
4861,1641
4862,14331
4863,15016
4864,18220
4865,2358
4866,14504
4867,49700
4868,55268
4869,90857
4870,15017
4871,27894
4872,11397
4873,6976
4874,20156
4875,9423
4876,18769
4877,7036
4878,4302
4879,8994
4880,87761
4881,6279
4882,37284
4883,22054
4884,17755
4885,64378
4886,25123
4887,16781
4888,46717
4889,52230
4890,63219
4891,37409
4892,104540
4893,21102
4894,20723
4895,14898
4896,12034
4897,76772
4898,34091
4899,27357
4900,25695
4901,28711
4902,60413
4903,10865
4904,17110
4905,15250
4906,18389
4907,16989
4908,80174
4909,33890
4910,100469
4911,39108
4912,5211
4913,41105
4914,2969
4915,77
4916,1410
4917,47240
4918,55651
4919,29720
4920,27505
4921,12159
4922,35432
4923,34623
4924,4872
4925,55670
4926,12709
4927,3704
4928,111349
4929,27817
4930,59229
4931,600
4932,31125
4933,33596
4934,1569
4935,30375
4936,39145
4937,57835
4938,69142
4939,54306
4940,38866
4941,57368
4942,68648
4943,618
4944,45284
4945,50307
4946,29547
4947,19967
4948,4969
4949,5328
4950,7428
4951,3637
4952,5432
4953,62255
4954,18967
4955,11518
4956,19141
4957,37117
4958,20036
4959,52568
4960,1102
4961,26168
4962,62226
4963,22724
4964,4503
4965,24633
4966,8103
4967,83789
4968,102833
4969,29014
4970,11841
4971,21483
4972,6027
4973,2011
4974,7272
4975,68968
4976,1789
4977,58183
4978,63939
4979,59108
4980,73849
4981,66729
4982,27406
4983,39719
4984,6255
4985,1726
4986,26752
4987,28125
4988,755
4989,64297
4990,92532
4991,18636
4992,23523
4993,22694
4994,3349
4995,20751
4996,25096
4997,25604
4998,11512
4999,2304
5000,27153
5001,81339
5002,4999
5003,23150
5004,31080
5005,5561
5006,11432
5007,68001
5008,7588
5009,16129
5010,23450
5011,10127
5012,4629
5013,67612
5014,61149
5015,12057
5016,18526
5017,714
5018,64242
5019,54206
5020,38888
5021,33090
5022,56117
5023,63043
5024,38610
5025,17534
5026,73952
5027,35101
5028,42384
5029,23957
5030,23398
5031,20416
5032,28679
5033,50954
5034,77572
5035,17175
5036,45467
5037,570
5038,46355
5039,2248
5040,23701
5041,25693
5042,21839
5043,420
5044,11723
5045,21512
5046,10453
5047,38661
5048,19006
5049,45555
5050,33877
5051,16281
5052,27615
5053,43643
5054,49070
5055,9098
5056,59244
5057,25877
5058,32581
5059,20276
5060,51451
5061,55933
5062,57116
5063,3462
5064,44538
5065,2554
5066,76694
5067,26617
5068,14736
5069,80813
5070,22620
5071,9859
5072,23664
5073,6354
5074,720
5075,62939
5076,31558
5077,2708
5078,15600
5079,61450
5080,68092
5081,23838
5082,63497
5083,6705
5084,17262
5085,31767
5086,7505
5087,19650
5088,6220
5089,57616
5090,4573
5091,34687
5092,20546
5093,3196
5094,4851
5095,4404
5096,8998
5097,18529
5098,57864
5099,21769
5100,68958
5101,38953
5102,51661
5103,22931
5104,40931
5105,32157
5106,60999
5107,62438
5108,30653
5109,8407
5110,28622
5111,36409
5112,53392
5113,59145
5114,27766
5115,55729
5116,28321
5117,31957
5118,1239
5119,53086
5120,22102
5121,11583
5122,9886
5123,25044
5124,23669
5125,12292
5126,47607
5127,24441
5128,11005
5129,1785
5130,18168
5131,56635
5132,8137
5133,1363
5134,19212
5135,89262
5136,28790
5137,5366
5138,11932
5139,5344
5140,22173
5141,2192
5142,79585
5143,10026
5144,19242
5145,56239
5146,3110
5147,47743
5148,23615
5149,1182
5150,3461
5151,20690
5152,28917
5153,60733
5154,43531
5155,118172
5156,26370
5157,25647
5158,17377
5159,22623
5160,55279
5161,26065
5162,60475
5163,3540
5164,8644
5165,27333
5166,4091
5167,1806
5168,6448
5169,82270
5170,2745
5171,15887
5172,12067
5173,35730
5174,96389
5175,396
5176,23281
5177,25771
5178,5005
5179,31831
5180,51537
5181,27311
5182,12086
5183,13372
5184,5856
5185,62147
5186,44606
5187,17779
5188,9922
5189,72414
5190,21710
5191,38109
5192,7084
5193,2903
5194,40902
5195,59077
5196,3231
5197,21737
5198,7427
5199,61229
5200,38670
5201,29008
5202,69663
5203,87637
5204,52801
5205,33605
5206,85567
5207,6781
5208,1567
5209,84508
5210,3439
5211,18020
5212,25440
5213,19042
5214,7686
5215,28107
5216,49989
5217,42037
5218,11008
5219,43961
5220,16442
5221,6739
5222,703
5223,20754
5224,1956
5225,23296
5226,38381
5227,21979
5228,21636
5229,25698
5230,12056
5231,107167
5232,21300
5233,21088
5234,5204
5235,7402
5236,57435
5237,10063
5238,20133
5239,44306
5240,2445
5241,67455
5242,12696
5243,15811
5244,1684
5245,49504
5246,7677
5247,9720
5248,43822
5249,45310
5250,46504
5251,13183
5252,10376
5253,10075
5254,404
5255,36695
5256,16729
5257,22445
5258,11348
5259,95786
5260,47858
5261,4663
5262,4762
5263,13993
5264,9792
5265,13874
5266,26123
5267,25080
5268,22964
5269,4366
5270,43776
5271,27630
5272,25090
5273,5951
5274,34607
5275,11103
5276,16394
5277,113138
5278,10371
5279,985
5280,47380
5281,12489
5282,15378
5283,118479
5284,55860
5285,178
5286,17354
5287,55628
5288,12065
5289,11062
5290,35950
5291,36161
5292,44129
5293,521
5294,10672
5295,3091
5296,57850
5297,2424
5298,13946
5299,19048
5300,54112
5301,320
5302,11669
5303,66915
5304,5651
5305,7526
5306,62449
5307,44011
5308,9985
5309,1842
5310,3008
5311,74616
5312,12069
5313,6237
5314,14306
5315,51389
5316,74241
5317,6803
5318,9094
5319,33339
5320,16904
5321,11476
5322,44039
5323,12477
5324,22614
5325,57377
5326,12194
5327,12851
5328,6734
5329,73003
5330,8260
5331,35227
5332,19819
5333,1276
5334,25706
5335,5958
5336,7810
5337,909
5338,38637
5339,18742
5340,1243
5341,35178
5342,99586
5343,1432
5344,20278
5345,18719
5346,12290
5347,11721
5348,118642
5349,2034
5350,117103
5351,8302
5352,17072
5353,22134
5354,110434
5355,53614
5356,685
5357,87982
5358,27010
5359,4232
5360,8206
5361,37206
5362,110214
5363,8943
5364,3315
5365,26493
5366,33334
5367,35203
5368,33179
5369,3532
5370,56992
5371,7514
5372,23346
5373,13055
5374,28142
5375,12864
5376,108382
5377,17284
5378,4278
5379,69905
5380,45823
5381,18763
5382,73852
5383,15590
5384,24267
5385,4691
5386,13708
5387,61497
5388,11627
5389,2814
5390,45483
5391,4459
5392,44717
5393,45488
5394,9291
5395,8619
5396,23220
5397,34572
5398,11447
5399,50652
5400,42923
5401,39318
5402,76124
5403,17823
5404,2988
5405,63716
5406,97519
5407,40328
5408,4184
5409,12918
5410,19385
5411,9560
5412,28946
5413,6895
5414,12336
5415,23667
5416,33537
5417,32569
5418,38289
5419,27844
5420,14663
5421,3055
5422,48587
5423,16071
5424,20918
5425,14982
5426,3692
5427,35837
5428,42087
5429,46799
5430,51024
5431,33534
5432,3972
5433,9973
5434,10011
5435,26248
5436,2468
5437,68717
5438,1656
5439,63309
5440,15181
5441,27347
5442,40059
5443,10616
5444,44736
5445,920
5446,24163
5447,85978
5448,84154
5449,31320
5450,15071
5451,21508
5452,10298
5453,62573
5454,15179
5455,8091
5456,45271
5457,45684
5458,34304
5459,44567
5460,49815
5461,68063
5462,51154
5463,40179
5464,80098
5465,52561
5466,4848
5467,24028
5468,30827
5469,28330
5470,5829
5471,5938
5472,31060
5473,416
5474,74235
5475,35416
5476,3121
5477,730
5478,101241
5479,45011
5480,7266
5481,91962
5482,109883
5483,82857
5484,8272
5485,40628
5486,18120
5487,5621
5488,5146
5489,28208
5490,13734
5491,47604
5492,28878
5493,978
5494,32717
5495,103608
5496,24623
5497,2459
5498,36185
5499,11169
5500,34911
5501,7902
5502,7636
5503,32504
5504,68646
5505,62152
5506,39322
5507,1351
5508,16841
5509,34015
5510,67490
5511,8867
5512,9536
5513,30698
5514,52303
5515,59027
5516,4897
5517,12877
5518,56345
5519,48596
5520,28155
5521,75012
5522,38870
5523,8586
5524,48397
5525,13690
5526,24373
5527,46750
5528,29749
5529,61280
5530,43595
5531,20320
5532,76161
5533,23770
5534,25097
5535,76113
5536,831
5537,71440
5538,1193
5539,30314
5540,48468
5541,17305
5542,72150
5543,38498
5544,19952
5545,4802
5546,31690
5547,33720
5548,90231
5549,25169
5550,11002
5551,11839
5552,42119
5553,9775
5554,2958
5555,3733
5556,59560
5557,77394
5558,34453
5559,23210
5560,6935
5561,30850
5562,1234
5563,975
5564,16289
5565,7454
5566,38812
5567,11224
5568,18602
5569,32369
5570,1513
5571,58498
5572,8138
5573,14442
5574,7392
5575,10682
5576,24852
5577,769
5578,22963
5579,4798
5580,14086
5581,37851
5582,14120
5583,13925
5584,32435
5585,26042
5586,10822
5587,2728
5588,14288
5589,25822
5590,4784
5591,54951
5592,8426
5593,32046
5594,19446
5595,15359
5596,21899
5597,6999
5598,5456
5599,2589
5600,28579
5601,12644
5602,18320
5603,6305
5604,20998
5605,40132
5606,21676
5607,18184
5608,92309
5609,58249
5610,61324
5611,66549
5612,7100
5613,36859
5614,15023
5615,915
5616,27917
5617,12692
5618,9089
5619,28126
5620,14802
5621,15413
5622,15783
5623,29071
5624,17335
5625,91843
5626,74828
5627,27945
5628,1519
5629,21157
5630,27087
5631,10434
5632,3280
5633,23476
5634,19756
5635,59867
5636,36614
5637,42102
5638,52251
5639,64597
5640,74446
5641,9871
5642,5662
5643,10384
5644,9807
5645,4812
5646,60218
5647,70293
5648,20395
5649,2694
5650,15787
5651,69539
5652,112201
5653,6242
5654,68378
5655,12126
5656,18714
5657,52929
5658,38839
5659,7182
5660,16596
5661,47060
5662,69530
5663,6714
5664,6489
5665,67400
5666,52305
5667,31012
5668,138
5669,28892
5670,7345
5671,55140
5672,69137
5673,3812
5674,35493
5675,9257
5676,40017
5677,61215
5678,56448
5679,43975
5680,46885
5681,18067
5682,29043
5683,18747
5684,17348
5685,43756
5686,64109
5687,28550
5688,15074
5689,935
5690,1264
5691,16263
5692,51467
5693,7133
5694,22260
5695,8830
5696,19901
5697,20109
5698,15792
5699,4781
5700,21443
5701,24944
5702,8856
5703,14446
5704,1633
5705,531
5706,56739
5707,659
5708,7009
5709,15725
5710,23074
5711,9281
5712,2650
5713,16609
5714,53547
5715,21133
5716,46379
5717,51117
5718,28501
5719,40407
5720,3689
5721,162
5722,108383
5723,9889
5724,48764
5725,13957
5726,3146
5727,23538
5728,9898
5729,55235
5730,71827
5731,28405
5732,7046
5733,44979
5734,5974
5735,15919
5736,48998
5737,2328
5738,7737
5739,11349
5740,2848
5741,7239
5742,5262
5743,250
5744,66466
5745,4313
5746,14873
5747,44292
5748,7463
5749,31151
5750,69106
5751,24171
5752,38608
5753,43040
5754,7362
5755,55612
5756,55275
5757,7406
5758,24574
5759,12612
5760,218
5761,10463
5762,34940
5763,43908
5764,2887
5765,48615
5766,27655
5767,3816
5768,2540
5769,51359
5770,38797
5771,34040
5772,26889
5773,1529
5774,8717
5775,42288
5776,34861
5777,36525
5778,37616
5779,15212
5780,34169
5781,51901
5782,41815
5783,3930
5784,2967
5785,8269
5786,22695
5787,148
5788,504
5789,45550
5790,3380
5791,1756
5792,7478
5793,4386
5794,86753
5795,97604
5796,16225
5797,32226
5798,8124
5799,20404
5800,28101
5801,4847
5802,5413
5803,2437
5804,2499
5805,62219
5806,17288
5807,541
5808,13268
5809,37043
5810,26114
5811,26172
5812,3625
5813,23741
5814,28056
5815,418
5816,36659
5817,29421
5818,15038
5819,15220
5820,47586
5821,10954
5822,58733
5823,32498
5824,64374
5825,119516
5826,32874
5827,2242
5828,590
5829,16506
5830,9828
5831,105816
5832,51064
5833,10744
5834,65082
5835,52068
5836,24917
5837,14485
5838,34683
5839,14279
5840,83926
5841,7054
5842,3745
5843,19423
5844,1445
5845,21244
5846,24470
5847,32274
5848,8744
5849,2565
5850,18153
5851,11429
5852,38388
5853,12754
5854,60787
5855,2391
5856,2181
5857,56589
5858,3403
5859,4268
5860,57275
5861,18137
5862,24688
5863,1317
5864,50661
5865,4610
5866,22491
5867,8893
5868,51303
5869,54759
5870,3432
5871,13293
5872,185
5873,74209
5874,46893
5875,711
5876,15781
5877,3048
5878,63159
5879,104423
5880,53770
5881,11419
5882,35734
5883,50405
5884,1442
5885,54844
5886,198
5887,39982
5888,2651
5889,14996
5890,42916
5891,55171
5892,37047
5893,36184
5894,255
5895,43138
5896,101264
5897,54565
5898,63495
5899,13982
5900,1939
5901,34327
5902,59830
5903,11185
5904,9044
5905,10573
5906,2743
5907,63094
5908,46881
5909,21901
5910,27198
5911,57251
5912,18987
5913,9035
5914,55048
5915,1080
5916,35252
5917,31624
5918,45359
5919,13548
5920,2904
5921,63382
5922,71901
5923,111735
5924,10411
5925,14070
5926,36881
5927,763
5928,14427
5929,14953
5930,100343
5931,88976
5932,5648
5933,20932
5934,4544
5935,2997
5936,3584
5937,11153
5938,10431
5939,62869
5940,66082
5941,75180
5942,6872
5943,54614
5944,1422
5945,69923
5946,61931
5947,59927
5948,672
5949,23925
5950,10885
5951,19705
5952,23584
5953,67443
5954,20639
5955,50808
5956,19408
5957,53752
5958,9309
5959,57231
5960,2310
5961,56211
5962,12055
5963,1251
5964,20969
5965,27918
5966,16826
5967,14502
5968,66525
5969,58079
5970,5261
5971,38503
5972,77162
5973,23392
5974,58418
5975,69671
5976,19890
5977,8761
5978,96540
5979,49772
5980,52533
5981,17373
5982,55197
5983,68645
5984,8683
5985,53677
5986,21205
5987,5796
5988,24514
5989,5157
5990,18811
5991,26359
5992,8938
5993,51340
5994,51716
5995,47982
5996,5860
5997,9651
5998,32084
5999,1830
6000,4050
6001,31234
6002,6968
6003,33726
6004,17053
6005,16570
6006,7713
6007,39199
6008,8905
6009,98801
6010,19870
6011,56987
6012,54114
6013,5712
6014,32378
6015,42759
6016,80718
6017,8703
6018,13143
6019,64981
6020,24704
6021,6381
6022,69224
6023,2909
6024,2611
6025,47423
6026,21055
6027,70007
6028,22235
6029,10042
6030,21867
6031,8350
6032,73872
6033,74021
6034,47803
6035,7734
6036,7952
6037,47911
6038,1975
6039,9650
6040,29750
6041,91116
6042,19195
6043,7473
6044,3937
6045,26815
6046,42898
6047,8924
6048,695
6049,31813
6050,27266
6051,9611
6052,38197
6053,20926
6054,5623
6055,47531
6056,9285
6057,22925
6058,22657
6059,6336
6060,94234
6061,10383
6062,73605
6063,22071
6064,6243
6065,2483
6066,17899
6067,75255
6068,6898
6069,7928
6070,94635
6071,5790
6072,35861
6073,14975
6074,108067
6075,37540
6076,931
6077,16975
6078,2671
6079,97127
6080,50284
6081,31118
6082,455
6083,41720
6084,17931
6085,37696
6086,16101
6087,38590
6088,61956
6089,25700
6090,1677
6091,6712
6092,36830
6093,5301
6094,4920
6095,64646
6096,46395
6097,41658
6098,5775
6099,8515
6100,10993
6101,7082
6102,40003
6103,30262
6104,6560
6105,3870
6106,28900
6107,13754
6108,23605
6109,170
6110,28997
6111,36361
6112,26699
6113,71366
6114,3781
6115,29306
6116,37707
6117,45654
6118,79392
6119,37463
6120,45879
6121,39766
6122,13907
6123,88134
6124,31980
6125,10120
6126,23750
6127,62492
6128,4406
6129,43452
6130,11843
6131,45000
6132,20358
6133,26520
6134,9234
6135,30955
6136,90472
6137,2134
6138,3901
6139,10651
6140,56337
6141,22364
6142,7407
6143,6956
6144,61139
6145,33305
6146,85375
6147,852
6148,4898
6149,113099
6150,28091
6151,12912
6152,30532
6153,61758
6154,15638
6155,70596
6156,28339
6157,17188
6158,32472
6159,61209
6160,35058
6161,146
6162,14709
6163,39609
6164,36338
6165,11091
6166,1394
6167,37658
6168,1734
6169,54745
6170,1082
6171,42161
6172,103628
6173,2845
6174,8193
6175,101677
6176,11848
6177,9592
6178,37973
6179,15433
6180,11587
6181,24074
6182,12817
6183,55303
6184,8557
6185,17081
6186,22401
6187,66487
6188,24565
6189,17121
6190,4990
6191,112172
6192,29145
6193,34287
6194,51787
6195,18736
6196,10849
6197,1817
6198,3724
6199,21809
6200,105274
6201,63941
6202,50586
6203,16108
6204,46452
6205,63769
6206,5765
6207,13989
6208,57992
6209,21877
6210,54201
6211,558
6212,72045
6213,70617
6214,6499
6215,43267
6216,51781
6217,61095
6218,40424
6219,24178
6220,7831
6221,73412
6222,10252
6223,5094
6224,46995
6225,2900
6226,76411
6227,24578
6228,7823
6229,2892
6230,726
6231,3411
6232,40238
6233,52519
6234,10017
6235,31241
6236,41084
6237,37260
6238,36246
6239,16793
6240,9379
6241,31096
6242,61582
6243,9780
6244,10606
6245,43992
6246,30553
6247,25793
6248,45951
6249,35494
6250,43962
6251,33069
6252,19114
6253,98496
6254,33678
6255,15149
6256,5352
6257,818
6258,74635
6259,66584
6260,2393
6261,216
6262,18674
6263,45825
6264,47174
6265,2102
6266,37627
6267,10334
6268,28451
6269,67072
6270,9952
6271,6655
6272,3833
6273,48594
6274,74497
6275,5570
6276,99808
6277,51283
6278,25740
6279,17673
6280,18896
6281,60866
6282,46226
6283,31656
6284,92216
6285,27845
6286,1985
6287,53179
6288,84649
6289,27820
6290,49569
6291,34792
6292,538
6293,410
6294,35651
6295,19370
6296,67277
6297,97979
6298,21683
6299,27088
6300,43400
6301,8954
6302,41772
6303,616
6304,33124
6305,5798
6306,5767
6307,42
6308,8615
6309,14836
6310,11757
6311,70906
6312,17629
6313,13400
6314,21534
6315,33521
6316,10167
6317,17874
6318,19825
6319,3553
6320,21611
6321,1645
6322,1940
6323,28623
6324,14819
6325,24370
6326,35679
6327,36941
6328,6624
6329,1926
6330,15618
6331,16811
6332,16534
6333,61277
6334,326
6335,37224
6336,17592
6337,42588
6338,25309
6339,43855
6340,29406
6341,4760
6342,52541
6343,109704
6344,11220
6345,13923
6346,1611
6347,2253
6348,16655
6349,44005
6350,8325
6351,21019
6352,35559
6353,4987
6354,33968
6355,10242
6356,19757
6357,2388
6358,43052
6359,9617
6360,82394
6361,44174
6362,7117
6363,25437
6364,38732
6365,13698
6366,42067
6367,61965
6368,18350
6369,39795
6370,10468
6371,12669
6372,58544
6373,38543
6374,9247
6375,49658
6376,35222
6377,1596
6378,39174
6379,19636
6380,55200
6381,22616
6382,10877
6383,32183
6384,24257
6385,41989
6386,6086
6387,61906
6388,2786
6389,26871
6390,15686
6391,62532
6392,27735
6393,53108
6394,67730
6395,29489
6396,4326
6397,7198
6398,682
6399,15138
6400,11378
6401,1854
6402,73415
6403,50816
6404,1181
6405,16555
6406,4931
6407,540
6408,43945
6409,60488
6410,34462
6411,15304
6412,21446
6413,8147
6414,26983
6415,14284
6416,16505
6417,5687
6418,33207
6419,111307
6420,3738
6421,2490
6422,7666
6423,20271
6424,50064
6425,50799
6426,4662
6427,4069
6428,3299
6429,12230
6430,86713
6431,12053
6432,25066
6433,29439
6434,3131
6435,51440
6436,45563
6437,12875
6438,36714
6439,7344
6440,9998
6441,28373
6442,7400
6443,40306
6444,19204
6445,57558
6446,5448
6447,22808
6448,57781
6449,2698
6450,4813
6451,88903
6452,9567
6453,14730
6454,5591
6455,28163
6456,8883
6457,8911
6458,13361
6459,15054
6460,53518
6461,20196
6462,12888
6463,42276
6464,12967
6465,8286
6466,5659
6467,5925
6468,2477
6469,16391
6470,7664
6471,22368
6472,16941
6473,70655
6474,4640
6475,2501
6476,21662
6477,1464
6478,10035
6479,34590
6480,27761
6481,45577
6482,16949
6483,3929
6484,45471
6485,307
6486,29034
6487,36515
6488,46607
6489,48817
6490,56038
6491,15637
6492,71651
6493,9967
6494,42642
6495,858
6496,80060
6497,56500
6498,4870
6499,16696
6500,10565
6501,100800
6502,13186
6503,32115
6504,16520
6505,4483
6506,28642
6507,43765
6508,221
6509,36071
6510,41371
6511,2203
6512,42260
6513,9452
6514,5874
6515,9752
6516,45104
6517,3361
6518,16938
6519,10848
6520,10738
6521,18986
6522,5434
6523,2733
6524,5515
6525,10117
6526,20903
6527,51308
6528,90062
6529,29701
6530,26686
6531,2021
6532,21602
6533,14994
6534,4143
6535,67753
6536,62684
6537,8390
6538,22726
6539,42071
6540,15833
6541,15754
6542,6417
6543,11266
6544,36260
6545,76370
6546,13687
6547,87506
6548,16224
6549,50394
6550,10041
6551,8449
6552,15924
6553,8506
6554,27725
6555,36656
6556,8312
6557,4996
6558,12645
6559,53369
6560,7575
6561,12331
6562,61819
6563,22541
6564,86184
6565,42962
6566,35264
6567,48413
6568,50000
6569,37028
6570,8436
6571,24877
6572,36810
6573,6989
6574,7881
6575,65659
6576,38366
6577,9551
6578,61755
6579,32630
6580,34593
6581,25803
6582,108018
6583,10309
6584,35857
6585,258
6586,23426
6587,8628
6588,27696
6589,17027
6590,44797
6591,114676
6592,43046
6593,30744
6594,6568
6595,30632
6596,53512
6597,282
6598,42132
6599,7941
6600,6102
6601,32592
6602,25699
6603,30051
6604,12860
6605,113639
6606,11255
6607,18457
6608,14596
6609,77628
6610,31408
6611,35145
6612,72770
6613,3568
6614,366
6615,1015
6616,62750
6617,36077
6618,28819
6619,43959
6620,29767
6621,55028
6622,15128
6623,55007
6624,22867
6625,5317
6626,70748
6627,53846
6628,56731
6629,37219
6630,7078
6631,24349
6632,3596
6633,14528
6634,8145
6635,514
6636,74866
6637,19682
6638,5980
6639,3947
6640,54248
6641,2382
6642,65769
6643,28131
6644,61311
6645,95065
6646,13812
6647,3717
6648,25999
6649,103081
6650,16576
6651,70444
6652,21484
6653,15346
6654,10415
6655,18465
6656,27244
6657,24415
6658,55541
6659,4279
6660,21595
6661,72001
6662,72562
6663,22334
6664,52429
6665,20374
6666,68083
6667,55413
6668,27475
6669,35167
6670,76340
6671,13615
6672,12730
6673,11593
6674,9754
6675,6933
6676,1744
6677,1773
6678,4951
6679,48126
6680,19070
6681,31496
6682,3663
6683,75501
6684,14780
6685,50995
6686,34851
6687,39798
6688,36686
6689,57789
6690,31804
6691,26162
6692,59052
6693,18198
6694,48714
6695,8069
6696,61778
6697,49557
6698,7134
6699,3195
6700,76944
6701,33564
6702,12277
6703,2667
6704,22277
6705,54735
6706,34298
6707,8443
6708,5180
6709,6496
6710,9992
6711,1055
6712,14878
6713,50872
6714,17654
6715,35704
6716,64796
6717,8042
6718,26257
6719,3844
6720,31875
6721,87459
6722,19655
6723,59706
6724,56885
6725,8391
6726,21503
6727,58432
6728,12880
6729,20951
6730,164
6731,22912
6732,415
6733,72382
6734,52294
6735,54970
6736,6942
6737,71892
6738,14294
6739,29455
6740,88645
6741,37536
6742,24726
6743,35934
6744,61181
6745,2122
6746,19118
6747,2642
6748,9249
6749,99769
6750,27545
6751,30207
6752,24523
6753,4725
6754,28628
6755,42294
6756,21276
6757,39384
6758,33892
6759,443
6760,9239
6761,43947
6762,2003
6763,27396
6764,11156
6765,10543
6766,25947
6767,35851
6768,3874
6769,25426
6770,9013
6771,44815
6772,45157
6773,19698
6774,27840
6775,9738
6776,10149
6777,930
6778,4790
6779,6575
6780,78328
6781,64317
6782,23165
6783,55855
6784,37681
6785,7976
6786,16643
6787,23941
6788,56836
6789,16753
6790,951
6791,28473
6792,56694
6793,4627
6794,53469
6795,25622
6796,12014
6797,6562
6798,7364
6799,11736
6800,31352
6801,91326
6802,46384
6803,31505
6804,19176
6805,29657
6806,4357
6807,29737
6808,15099
6809,14359
6810,7795
6811,2211
6812,11326
6813,21171
6814,13917
6815,36561
6816,20667
6817,14010
6818,27304
6819,5404
6820,7104
6821,15508
6822,11651
6823,17034
6824,73509
6825,10674
6826,431
6827,10328
6828,53015
6829,17711
6830,43669
6831,1424
6832,6960
6833,5338
6834,19932
6835,39962
6836,86241
6837,29535
6838,30288
6839,16487
6840,4830
6841,36756
6842,19460
6843,4698
6844,27355
6845,270
6846,55610
6847,11535
6848,79110
6849,17058
6850,49589
6851,51394
6852,4131
6853,35503
6854,22377
6855,152
6856,113050
6857,29686
6858,3253
6859,12276
6860,27470
6861,10073
6862,4095
6863,18300
6864,50190
6865,28076
6866,33540
6867,12970
6868,55965
6869,2615
6870,18394
6871,104837
6872,30496
6873,3060
6874,3109
6875,122
6876,3112
6877,437
6878,52138
6879,43554
6880,52096
6881,11252
6882,32922
6883,125
6884,3370
6885,19261
6886,27742
6887,44986
6888,103269
6889,29163
6890,44696
6891,39074
6892,9906
6893,18183
6894,57828
6895,17226
6896,15470
6897,17807
6898,6289
6899,13426
6900,38595
6901,2309
6902,15520
6903,17683
6904,28159
6905,34554
6906,9430
6907,75422
6908,45651
6909,8149
6910,1427
6911,4743
6912,33183
6913,25334
6914,56894
6915,24532
6916,66630
6917,64806
6918,15907
6919,67950
6920,24399
6921,10799
6922,432
6923,19560
6924,87936
6925,58446
6926,10931
6927,22559
6928,13320
6929,60071
6930,20912
6931,9394
6932,1924
6933,31233
6934,17415
6935,267
6936,12780
6937,22136
6938,16834
6939,62401
6940,39245
6941,68598
6942,7735
6943,10850
6944,81037
6945,1925
6946,18460
6947,3160
6948,58014
6949,9618
6950,1803
6951,87983
6952,66838
6953,10147
6954,23008
6955,7408
6956,5003
6957,14609
6958,42398
6959,73490
6960,45436
6961,36977
6962,4097
6963,40547
6964,30700
6965,1510
6966,118182
6967,16486
6968,1733
6969,3732
6970,55622
6971,8781
6972,23757
6973,53937
6974,100029
6975,5100
6976,67228
6977,49229
6978,36386
6979,2136
6980,5894
6981,11777
6982,8438
6983,28943
6984,3421
6985,39293
6986,36949
6987,20921
6988,70299
6989,65494
6990,32433
6991,30971
6992,17346
6993,4715
6994,11448
6995,31703
6996,28963
6997,10009
6998,4109
6999,1598
7000,6876
7001,78618
7002,24287
7003,63869
7004,13477
7005,9319
7006,41969
7007,5247
7008,49967
7009,5421
7010,34156
7011,63675
7012,29495
7013,2748
7014,31913
7015,84481
7016,4932
7017,16607
7018,13798
7019,8240
7020,2113
7021,33394
7022,89
7023,2763
7024,4517
7025,4412
7026,101640
7027,4577
7028,41445
7029,8902
7030,20208
7031,51098
7032,53306
7033,17295
7034,60158
7035,48579
7036,736
7037,13980
7038,84010
7039,73886
7040,20199
7041,14937
7042,5225
7043,32727
7044,13534
7045,40093
7046,32136
7047,36372
7048,6118
7049,13955
7050,18688
7051,56357
7052,4052
7053,68342
7054,53597
7055,8620
7056,28715
7057,28853
7058,32906
7059,19228
7060,16282
7061,49792
7062,47394
7063,66256
7064,30889
7065,42218
7066,19673
7067,77122
7068,33239
7069,14656
7070,4008
7071,12552
7072,35404
7073,76702
7074,2521
7075,8783
7076,13867
7077,65097
7078,31700
7079,68164
7080,4519
7081,32246
7082,20531
7083,3945
7084,23489
7085,28279
7086,11151
7087,9160
7088,745
7089,20812
7090,10013
7091,8352
7092,1705
7093,5469
7094,6564
7095,20254
7096,108098
7097,38869
7098,7537
7099,9986
7100,3940
7101,51503
7102,4364
7103,16971
7104,18164
7105,43935
7106,50043
7107,27834
7108,32182
7109,2344
7110,29238
7111,6416
7112,12658
7113,2659
7114,57099
7115,39104
7116,14752
7117,47917
7118,45119
7119,285
7120,20299
7121,10426
7122,20201
7123,18796
7124,84591
7125,65787
7126,25900
7127,18409
7128,61427
7129,6690
7130,102284
7131,47482
7132,30437
7133,26887
7134,6453
7135,52978
7136,5633
7137,12425
7138,2421
7139,3145
7140,30954
7141,4354
7142,46243
7143,29975
7144,6613
7145,47860
7146,26486
7147,15395
7148,51808
7149,67420
7150,4011
7151,90945
7152,20213
7153,67469
7154,44328
7155,1378
7156,68555
7157,59940
7158,41595
7159,5922
7160,1723
7161,27891
7162,109
7163,17387
7164,60435
7165,2551
7166,67520
7167,3602
7168,4076
7169,7497
7170,20223
7171,29745
7172,14257
7173,78462
7174,25975
7175,4269
7176,21097
7177,28483
7178,63109
7179,445
7180,2237
7181,5268
7182,43913
7183,9663
7184,32965
7185,32302
7186,19795
7187,26428
7188,2691
7189,49110
7190,19576
7191,48922
7192,87220
7193,5762
7194,42504
7195,2518
7196,47192
7197,10458
7198,24471
7199,68351
7200,6350
7201,5862
7202,39386
7203,58899
7204,11259
7205,19691
7206,7931
7207,50399
7208,9616
7209,17332
7210,25535
7211,38201
7212,29830
7213,29863
7214,8726
7215,19181
7216,35869
7217,8355
7218,13536
7219,29125
7220,1414
7221,12948
7222,1261
7223,18718
7224,33542
7225,11753
7226,101437
7227,17652
7228,1337
7229,72527
7230,10873
7231,8185
7232,25491
7233,42864
7234,5641
7235,18377
7236,16626
7237,1343
7238,73812
7239,45940
7240,4340
7241,45851
7242,23026
7243,19170
7244,87621
7245,33382
7246,20764
7247,18705
7248,18724
7249,3427
7250,12908
7251,16334
7252,23464
7253,8650
7254,26949
7255,23645
7256,31472
7257,20130
7258,33657
7259,36783
7260,23036
7261,106666
7262,26022
7263,16498
7264,46635
7265,7119
7266,29861
7267,31101
7268,550
7269,7555
7270,65277
7271,11603
7272,14160
7273,48375
7274,6180
7275,45723
7276,38321
7277,12920
7278,63991
7279,24863
7280,2028
7281,39713
7282,13016
7283,35159
7284,48501
7285,976
7286,4307
7287,17005
7288,36505
7289,39421
7290,11954
7291,52741
7292,12582
7293,61816
7294,5827
7295,15205
7296,11272
7297,7882
7298,69288
7299,6742
7300,4729
7301,25946
7302,35300
7303,18743
7304,8341
7305,56546
7306,69747
7307,25207
7308,19980
7309,252
7310,18466
7311,45
7312,26314
7313,3415
7314,57587
7315,47341
7316,60934
7317,21472
7318,13539
7319,5503
7320,65920
7321,8832
7322,26342
7323,35750
7324,45938
7325,21829
7326,5176
7327,4317
7328,2695
7329,34151
7330,29729
7331,37044
7332,9848
7333,8891
7334,18873
7335,101006
7336,89536
7337,52871
7338,51136
7339,34612
7340,107281
7341,13888
7342,48037
7343,25914
7344,6702
7345,36
7346,38546
7347,75227
7348,27307
7349,6066
7350,35453
7351,20509
7352,7761
7353,12779
7354,19859
7355,53557
7356,67321
7357,12360
7358,67379
7359,9459
7360,40062
7361,84486
7362,5492
7363,14402
7364,1342
7365,8127
7366,23886
7367,12577
7368,36531
7369,12656
7370,24416
7371,33237
7372,17708
7373,31312
7374,64965
7375,96244
7376,813
7377,9512
7378,10510
7379,67076
7380,57590
7381,65809
7382,30112
7383,53631
7384,31422
7385,50570
7386,46107
7387,4502
7388,6962
7389,28689
7390,30604
7391,15563
7392,19727
7393,6636
7394,24270
7395,1269
7396,2377
7397,30053
7398,53368
7399,100722
7400,37458
7401,5917
7402,50555
7403,13114
7404,16471
7405,2005
7406,37065
7407,38418
7408,35259
7409,13505
7410,46475
7411,62439
7412,53136
7413,55440
7414,31892
7415,18022
7416,22532
7417,26761
7418,65234
7419,32864
7420,240
7421,28921
7422,111504
7423,3389
7424,65368
7425,19577
7426,26663
7427,4258
7428,21872
7429,25324
7430,62130
7431,94374
7432,20233
7433,5801
7434,16123
7435,8570
7436,25849
7437,4449
7438,15524
7439,4266
7440,2879
7441,16515
7442,105791
7443,79167
7444,30244
7445,10547
7446,3030
7447,44052
7448,10249
7449,19738
7450,8704
7451,3567
7452,59903
7453,3002
7454,38410
7455,2774
7456,18721
7457,27492
7458,59746
7459,8380
7460,179
7461,1187
7462,64625
7463,75625
7464,3524
7465,21011
7466,1462
7467,2370
7468,8409
7469,31710
7470,2300
7471,3431
7472,56511
7473,57353
7474,45097
7475,20220
7476,1902
7477,31811
7478,37148
7479,2811
7480,14051
7481,17388
7482,5331
7483,47
7484,38443
7485,6571
7486,3502
7487,23998
7488,1147
7489,64202
7490,20146
7491,12587
7492,8470
7493,1192
7494,80392
7495,30488
7496,6132
7497,43674
7498,47972
7499,29868
7500,6868
7501,5293
7502,30675
7503,4469
7504,639
7505,3710
7506,9963
7507,27037
7508,7360
7509,51779
7510,32096
7511,7603
7512,20228
7513,20634
7514,4455
7515,27526
7516,65213
7517,39030
7518,17538
7519,2052
7520,8078
7521,54894
7522,35897
7523,4197
7524,55928
7525,35125
7526,37459
7527,49304
7528,1223
7529,84464
7530,39184
7531,11761
7532,73184
7533,44085
7534,10347
7535,843
7536,24857
7537,3387
7538,44668
7539,21757
7540,18819
7541,42843
7542,28281
7543,24281
7544,26788
7545,56907
7546,22009
7547,17113
7548,46270
7549,109958
7550,4579
7551,13586
7552,40959
7553,16438
7554,31823
7555,12372
7556,37259
7557,40178
7558,1945
7559,54305
7560,22000
7561,5672
7562,166
7563,154
7564,3734
7565,39239
7566,9572
7567,3148
7568,56989
7569,10160
7570,8239
7571,117131
7572,3536
7573,43610
7574,9729
7575,9652
7576,64021
7577,63838
7578,51134
7579,9517
7580,3672
7581,12104
7582,9358
7583,17046
7584,46872
7585,102326
7586,33546
7587,63529
7588,105693
7589,83899
7590,22170
7591,2684
7592,2291
7593,18474
7594,35868
7595,2383
7596,57735
7597,14414
7598,7519
7599,11141
7600,8363
7601,33982
7602,11970
7603,29662
7604,22142
7605,6875
7606,11434
7607,28584
7608,5795
7609,7341
7610,13243
7611,94813
7612,95459
7613,9788
7614,115369
7615,21846
7616,9295
7617,12303
7618,26180
7619,1158
7620,12279
7621,114801
7622,26223
7623,7925
7624,580
7625,6202
7626,39259
7627,18846
7628,27661
7629,18759
7630,76924
7631,55271
7632,111067
7633,2571
7634,31108
7635,4868
7636,11336
7637,25863
7638,37718
7639,23709
7640,91216
7641,27238
7642,7661
7643,29655
7644,49549
7645,88565
7646,20586
7647,36838
7648,9355
7649,87103
7650,22493
7651,7844
7652,5420
7653,27301
7654,19975
7655,28739
7656,27329
7657,3318
7658,4675
7659,38134
7660,22902
7661,49564
7662,1616
7663,2019
7664,20497
7665,39917
7666,18254
7667,31590
7668,14486
7669,84606
7670,41889
7671,64298
7672,72931
7673,5382
7674,13775
7675,59212
7676,1225
7677,2067
7678,68924
7679,22517
7680,10170
7681,64286
7682,25203
7683,26944
7684,115672
7685,86152
7686,3093
7687,30208
7688,24358
7689,48427
7690,6563
7691,23713
7692,36169
7693,8421
7694,2373
7695,64715
7696,32053
7697,74110
7698,25781
7699,13515
7700,2110
7701,20232
7702,52312
7703,13077
7704,44375
7705,26573
7706,66284
7707,10184
7708,33557
7709,4866
7710,22841
7711,6003
7712,26444
7713,6249
7714,24151
7715,19214
7716,80233
7717,6996
7718,29992
7719,17036
7720,1552
7721,15068
7722,27624
7723,25642
7724,67260
7725,17550
7726,16312
7727,16648
7728,70002
7729,22910
7730,32740
7731,13721
7732,13299
7733,9466
7734,23341
7735,11411
7736,305
7737,119034
7738,44708
7739,93414
7740,71275
7741,10279
7742,1729
7743,8040
7744,49612
7745,27035
7746,23247
7747,59969
7748,626
7749,12927
7750,54665
7751,10492
7752,7845
7753,46641
7754,6847
7755,25632
7756,33106
7757,114493
7758,39850
7759,1662
7760,20500
7761,1029
7762,45869
7763,3401
7764,33277
7765,42977
7766,114358
7767,89558
7768,4749
7769,35015
7770,14568
7771,39100
7772,6291
7773,8156
7774,17117
7775,9812
7776,36753
7777,36982
7778,49308
7779,27776
7780,24796
7781,4195
7782,58232
7783,14092
7784,75032
7785,61611
7786,110
7787,28289
7788,34245
7789,27259
7790,10021
7791,55646
7792,41540
7793,7612
7794,8565
7795,115093
7796,20527
7797,1292
7798,7055
7799,48978
7800,21105
7801,9370
7802,38403
7803,38452
7804,39353
7805,2945
7806,17438
7807,23063
7808,3747
7809,10230
7810,15014
7811,7029
7812,16204
7813,20900
7814,19895
7815,113399
7816,6409
7817,26250
7818,6413
7819,2502
7820,4132
7821,14193
7822,11109
7823,5248
7824,29864
7825,9111
7826,8639
7827,61230
7828,11845
7829,115496
7830,8172
7831,70341
7832,29980
7833,15233
7834,7333
7835,4363
7836,32117
7837,44722
7838,113238
7839,47902
7840,42256
7841,52033
7842,39035
7843,9224
7844,4419
7845,1863
7846,19563
7847,45968
7848,49415
7849,51958
7850,15747
7851,12141
7852,17529
7853,18000
7854,2585
7855,34209
7856,41897
7857,10607
7858,15718
7859,50470
7860,59046
7861,22471
7862,38435
7863,2092
7864,19927
7865,53680
7866,17508
7867,8521
7868,5392
7869,38818
7870,2712
7871,17197
7872,25881
7873,657
7874,31355
7875,37490
7876,48195
7877,14674
7878,20933
7879,11801
7880,49767
7881,1023
7882,6427
7883,9759
7884,15926
7885,50425
7886,11313
7887,58811
7888,5466
7889,24429
7890,13270
7891,36389
7892,507
7893,115366
7894,17706
7895,9671
7896,54816
7897,24083
7898,3701
7899,4816
7900,57883
7901,4442
7902,1655
7903,5482
7904,32551
7905,41096
7906,24789
7907,62515
7908,9079
7909,5099
7910,9557
7911,5739
7912,61822
7913,5770
7914,8032
7915,45953
7916,43694
7917,1332
7918,17301
7919,9869
7920,5785
7921,4643
7922,32680
7923,29497
7924,26169
7925,11110
7926,10180
7927,428
7928,9326
7929,35853
7930,20815
7931,75011
7932,22089
7933,2409
7934,5702
7935,9484
7936,32156
7937,14604
7938,43856
7939,9006
7940,1260
7941,36284
7942,27233
7943,16180
7944,27344
7945,45313
7946,2835
7947,27403
7948,60572
7949,16779
7950,79
7951,19547
7952,18074
7953,1151
7954,113133
7955,24023
7956,9164
7957,55100
7958,19119
7959,10290
7960,47548
7961,34355
7962,84608
7963,50351
7964,48013
7965,9488
7966,5558
7967,8614
7968,98291
7969,65135
7970,11088
7971,22022
7972,29268
7973,946
7974,22686
7975,4780
7976,1443
7977,2321
7978,2204
7979,13050
7980,25772
7981,39632
7982,61342
7983,60
7984,10114
7985,54960
7986,16201
7987,2926
7988,4836
7989,46914
7990,33838
7991,13333
7992,566
7993,76005
7994,5274
7995,47340
7996,52520
7997,7057
7998,18356
7999,5484
8000,44
8001,35454
8002,59880
8003,19090
8004,31926
8005,113620
8006,8369
8007,2838
8008,50632
8009,4458
8010,2263
8011,68564
8012,45925
8013,51224
8014,4690
8015,596
8016,42763
8017,36423
8018,9777
8019,10572
8020,5365
8021,57892
8022,30651
8023,12274
8024,4617
8025,31197
8026,2891
8027,6569
8028,21292
8029,24208
8030,90914
8031,61841
8032,4823
8033,172
8034,71527
8035,23928
8036,10731
8037,40691
8038,33186
8039,50687
8040,84458
8041,107500
8042,13571
8043,36545
8044,7245
8045,41666
8046,84992
8047,29620
8048,80307
8049,55015
8050,23175
8051,65734
8052,32782
8053,66597
8054,5390
8055,19386
8056,52171
8057,1334
8058,74314
8059,34776
8060,5711
8061,14672
8062,26418
8063,4006
8064,1455
8065,17715
8066,47510
8067,24469
8068,67138
8069,15113
8070,38635
8071,67873
8072,75516
8073,33963
8074,56849
8075,10178
8076,5996
8077,105186
8078,34383
8079,36015
8080,1617
8081,81087
8082,52088
8083,45054
8084,3750
8085,54605
8086,18121
8087,29815
8088,41723
8089,63231
8090,43825
8091,34232
8092,88162
8093,43459
8094,11725
8095,57550
8096,102947
8097,4182
8098,30087
8099,48422
8100,8818
8101,51305
8102,56403
8103,5660
8104,206
8105,63984
8106,57493
8107,1551
8108,38876
8109,91959
8110,1796
8111,30300
8112,36997
8113,63547
8114,1632
8115,40275
8116,39600
8117,57008
8118,52239
8119,22114
8120,578
8121,15225
8122,44272
8123,22351
8124,7800
8125,28635
8126,83569
8127,16814
8128,1877
8129,108587
8130,104790
8131,25802
8132,4353
8133,53952
8134,56374
8135,63839
8136,35458
8137,1581
8138,59042
8139,47262
8140,22171
8141,27712
8142,30417
8143,490
8144,51565
8145,72198
8146,5217
8147,50534
8148,17748
8149,44434
8150,5147
8151,51835
8152,276
8153,30623
8154,10991
8155,68051
8156,17855
8157,50974
8158,42972
8159,36145
8160,23069
8161,65838
8162,4702
8163,10538
8164,4238
8165,65279
8166,44168
8167,31470
8168,12353
8169,1523
8170,30719
8171,10106
8172,26305
8173,25547
8174,15665
8175,12684
8176,7681
8177,98760
8178,39208
8179,20300
8180,8327
8181,9535
8182,82282
8183,11034
8184,17261
8185,69098
8186,55538
8187,65537
8188,34073
8189,11581
8190,34783
8191,100537
8192,53046
8193,27200
8194,56525
8195,70235
8196,39029
8197,62037
8198,89839
8199,34841
8200,6879
8201,20941
8202,30180
8203,21590
8204,1259
8205,71882
8206,1074
8207,23894
8208,1604
8209,140
8210,44729
8211,9826
8212,15844
8213,103847
8214,51562
8215,3714
8216,8134
8217,70081
8218,20007
8219,5230
8220,89771
8221,63242
8222,23040
8223,34906
8224,95322
8225,38489
8226,39647
8227,42204
8228,49679
8229,21818
8230,59331
8231,4075
8232,46297
8233,35444
8234,73235
8235,4056
8236,18052
8237,50327
8238,24070
8239,16175
8240,2770
8241,9846
8242,14637
8243,26216
8244,32214
8245,22990
8246,57522
8247,10030
8248,38404
8249,6594
8250,41981
8251,82510
8252,21808
8253,38339
8254,32574
8255,28430
8256,73143
8257,71879
8258,2828
8259,62563
8260,1052
8261,9095
8262,4496
8263,18414
8264,42629
8265,54102
8266,46195
8267,38030
8268,26332
8269,15243
8270,7739
8271,61351
8272,20833
8273,25317
8274,49665
8275,12496
8276,22391
8277,6162
8278,8279
8279,3080
8280,101721
8281,11528
8282,59906
8283,1180
8284,16248
8285,21209
8286,22676
8287,33722
8288,53291
8289,13585
8290,45964
8291,54683
8292,7949
8293,53067
8294,17668
8295,42692
8296,7389
8297,69296
8298,28763
8299,6330
8300,10883
8301,8406
8302,7851
8303,4119
8304,20317
8305,3073
8306,83993
8307,4983
8308,61941
8309,65155
8310,46019
8311,54647
8312,45949
8313,30658
8314,61905
8315,28995
8316,103179
8317,17314
8318,20975
8319,87878
8320,3922
8321,2738
8322,2972
8323,51052
8324,25146
8325,16069
8326,5279
8327,55943
8328,100947
8329,11403
8330,59502
8331,60722
8332,69080
8333,45221
8334,35982
8335,27682
8336,52604
8337,36963
8338,24434
8339,32812
8340,3900
8341,99555
8342,8492
8343,52211
8344,1912
8345,6704
8346,9706
8347,8849
8348,72395
8349,2324
8350,42409
8351,1038
8352,62495
8353,51235
8354,9345
8355,49864
8356,11389
8357,8086
8358,10750
8359,23546
8360,50103
8361,65176
8362,68390
8363,92907
8364,39255
8365,68115
8366,35847
8367,6582
8368,15390
8369,56265
8370,5246
8371,18673
8372,33322
8373,55861
8374,10238
8375,21020
8376,33366
8377,60577
8378,24608
8379,69264
8380,14484
8381,76267
8382,9629
8383,47237
8384,4805
